survived,pclass,sex,age,sibsp,parch,fare,embarked,who,deck,alone,family_size,has_family,is_minor,age_group,fare_per_person,fare_tier,cabin_known,is_female,emb_C,emb_Q,emb_S,log_fare,age_z,fare_z
0,3,male,22.0,1,0,7.25,S,man,Unknown,False,2,1,0,Adult,3.625,Low,0,0,0,0,1,2.11,-0.532,-0.567
1,1,female,38.0,1,0,71.2833,C,woman,C,False,2,1,0,Adult,35.64165,Premium,1,1,1,0,0,4.281,0.669,0.988
1,3,female,26.0,0,0,7.925,S,woman,Unknown,True,1,0,0,Adult,7.925,Mid,0,1,0,0,1,2.189,-0.232,-0.55
1,1,female,35.0,1,0,53.1,S,woman,C,False,2,1,0,Adult,26.55,Premium,1,1,0,0,1,3.991,0.444,0.547
0,3,male,35.0,0,0,8.05,S,man,Unknown,True,1,0,0,Adult,8.05,Mid,0,0,0,0,1,2.203,0.444,-0.547
0,3,male,25.0,0,0,8.4583,Q,man,Unknown,True,1,0,0,Adult,8.4583,Mid,0,0,0,1,0,2.247,-0.307,-0.537
0,1,male,54.0,0,0,51.8625,S,man,E,True,1,0,0,Adult,51.8625,Premium,1,0,0,0,1,3.968,1.87,0.517
0,3,male,2.0,3,1,21.075,S,child,Unknown,False,5,1,1,Child,4.215,High,0,0,0,0,1,3.094,-2.034,-0.231
1,3,female,27.0,0,2,11.1333,S,woman,Unknown,False,3,1,0,Adult,3.7111,Mid,0,1,0,0,1,2.496,-0.157,-0.472
1,2,female,14.0,1,0,30.0708,C,child,Unknown,False,2,1,1,Teen,15.0354,High,0,1,1,0,0,3.436,-1.133,-0.012
1,3,female,4.0,1,1,16.7,S,child,G,False,3,1,1,Child,5.566666666666666,High,1,1,0,0,1,2.874,-1.883,-0.337
1,1,female,58.0,0,0,26.55,S,woman,C,True,1,0,0,Adult,26.55,High,1,1,0,0,1,3.316,2.17,-0.098
0,3,male,20.0,0,0,8.05,S,man,Unknown,True,1,0,0,Adult,8.05,Mid,0,0,0,0,1,2.203,-0.682,-0.547
0,3,male,39.0,1,5,31.275,S,man,Unknown,False,7,1,0,Adult,4.4678571428571425,Premium,0,0,0,0,1,3.474,0.744,0.017
0,3,female,14.0,0,0,7.8542,S,child,Unknown,True,1,0,1,Teen,7.8542,Low,0,1,0,0,1,2.181,-1.133,-0.552
1,2,female,55.0,0,0,16.0,S,woman,Unknown,True,1,0,0,Adult,16.0,High,0,1,0,0,1,2.833,1.945,-0.354
0,3,male,2.0,4,1,29.125,Q,child,Unknown,False,6,1,1,Child,4.854166666666667,High,0,0,0,1,0,3.405,-2.034,-0.035
1,2,male,30.0,0,0,13.0,S,man,Unknown,True,1,0,0,Adult,13.0,Mid,0,0,0,0,1,2.639,0.068,-0.427
0,3,female,31.0,1,0,18.0,S,woman,Unknown,False,2,1,0,Adult,9.0,High,0,1,0,0,1,2.944,0.143,-0.306
1,3,female,21.5,0,0,7.225,C,woman,Unknown,True,1,0,0,Adult,7.225,Low,0,1,1,0,0,2.107,-0.57,-0.567
0,2,male,35.0,0,0,26.0,S,man,Unknown,True,1,0,0,Adult,26.0,High,0,0,0,0,1,3.296,0.444,-0.111
1,2,male,34.0,0,0,13.0,S,man,D,True,1,0,0,Adult,13.0,Mid,1,0,0,0,1,2.639,0.368,-0.427
1,3,female,15.0,0,0,8.0292,Q,child,Unknown,True,1,0,1,Teen,8.0292,Mid,0,1,0,1,0,2.2,-1.058,-0.548
1,1,male,28.0,0,0,35.5,S,man,A,True,1,0,0,Adult,35.5,Premium,1,0,0,0,1,3.597,-0.082,0.119
0,3,female,8.0,3,1,21.075,S,child,Unknown,False,5,1,1,Child,4.215,High,0,1,0,0,1,3.094,-1.583,-0.231
1,3,female,38.0,1,5,31.3875,S,woman,Unknown,False,7,1,0,Adult,4.483928571428572,Premium,0,1,0,0,1,3.478,0.669,0.02
0,3,male,25.0,0,0,7.225,C,man,Unknown,True,1,0,0,Adult,7.225,Low,0,0,1,0,0,2.107,-0.307,-0.567
0,1,male,19.0,3,2,263.0,S,man,C,False,6,1,0,Adult,43.833333333333336,Premium,1,0,0,0,1,5.576,-0.758,5.644
1,3,female,21.5,0,0,7.8792,Q,woman,Unknown,True,1,0,0,Adult,7.8792,Low,0,1,0,1,0,2.184,-0.57,-0.551
0,3,male,25.0,0,0,7.8958,S,man,Unknown,True,1,0,0,Adult,7.8958,Low,0,0,0,0,1,2.186,-0.307,-0.551
0,1,male,40.0,0,0,27.7208,C,man,Unknown,True,1,0,0,Adult,27.7208,High,0,0,1,0,0,3.358,0.819,-0.069
1,1,female,35.0,1,0,146.5208,C,woman,B,False,2,1,0,Adult,73.2604,Premium,1,1,1,0,0,4.994,0.444,2.816
1,3,female,21.5,0,0,7.75,Q,woman,Unknown,True,1,0,0,Adult,7.75,Low,0,1,0,1,0,2.169,-0.57,-0.554
0,2,male,66.0,0,0,10.5,S,man,Unknown,True,1,0,0,Senior,10.5,Mid,0,0,0,0,1,2.442,2.771,-0.488
0,1,male,28.0,1,0,82.1708,C,man,Unknown,False,2,1,0,Adult,41.0854,Premium,0,0,1,0,0,4.421,-0.082,1.253
0,1,male,42.0,1,0,52.0,S,man,Unknown,False,2,1,0,Adult,26.0,Premium,0,0,0,0,1,3.97,0.969,0.52
1,3,male,25.0,0,0,7.2292,C,man,Unknown,True,1,0,0,Adult,7.2292,Low,0,0,1,0,0,2.108,-0.307,-0.567
0,3,male,21.0,0,0,8.05,S,man,Unknown,True,1,0,0,Adult,8.05,Mid,0,0,0,0,1,2.203,-0.607,-0.547
0,3,female,18.0,2,0,18.0,S,woman,Unknown,False,3,1,0,Adult,6.0,High,0,1,0,0,1,2.944,-0.833,-0.306
1,3,female,14.0,1,0,11.2417,C,child,Unknown,False,2,1,1,Teen,5.62085,Mid,0,1,1,0,0,2.505,-1.133,-0.47
0,3,female,40.0,1,0,9.475,S,woman,Unknown,False,2,1,0,Adult,4.7375,Mid,0,1,0,0,1,2.349,0.819,-0.513
0,2,female,27.0,1,0,21.0,S,woman,Unknown,False,2,1,0,Adult,10.5,High,0,1,0,0,1,3.091,-0.157,-0.233
0,3,male,25.0,0,0,7.8958,C,man,Unknown,True,1,0,0,Adult,7.8958,Low,0,0,1,0,0,2.186,-0.307,-0.551
1,2,female,3.0,1,2,41.5792,C,child,Unknown,False,4,1,1,Child,10.3948,Premium,0,1,1,0,0,3.751,-1.959,0.267
1,3,female,19.0,0,0,7.8792,Q,woman,Unknown,True,1,0,0,Adult,7.8792,Low,0,1,0,1,0,2.184,-0.758,-0.551
0,3,male,25.0,0,0,8.05,S,man,Unknown,True,1,0,0,Adult,8.05,Mid,0,0,0,0,1,2.203,-0.307,-0.547
0,3,male,25.0,1,0,15.5,Q,man,Unknown,False,2,1,0,Adult,7.75,High,0,0,0,1,0,2.803,-0.307,-0.366
1,3,female,21.5,0,0,7.75,Q,woman,Unknown,True,1,0,0,Adult,7.75,Low,0,1,0,1,0,2.169,-0.57,-0.554
0,3,male,25.0,2,0,21.6792,C,man,Unknown,False,3,1,0,Adult,7.226400000000001,High,0,0,1,0,0,3.121,-0.307,-0.216
0,3,female,18.0,1,0,17.8,S,woman,Unknown,False,2,1,0,Adult,8.9,High,0,1,0,0,1,2.934,-0.833,-0.31
0,3,male,7.0,4,1,39.6875,S,child,Unknown,False,6,1,1,Child,6.614583333333333,Premium,0,0,0,0,1,3.706,-1.658,0.221
0,3,male,21.0,0,0,7.8,S,man,Unknown,True,1,0,0,Adult,7.8,Low,0,0,0,0,1,2.175,-0.607,-0.553
1,1,female,49.0,1,0,76.7292,C,woman,D,False,2,1,0,Adult,38.3646,Premium,1,1,1,0,0,4.353,1.494,1.121
1,2,female,29.0,1,0,26.0,S,woman,Unknown,False,2,1,0,Adult,13.0,High,0,1,0,0,1,3.296,-0.007,-0.111
0,1,male,65.0,0,1,61.9792,C,man,B,False,2,1,0,Senior,30.9896,Premium,1,0,1,0,0,4.143,2.695,0.763
1,1,male,40.0,0,0,35.5,S,man,C,True,1,0,0,Adult,35.5,Premium,1,0,0,0,1,3.597,0.819,0.119
1,2,female,21.0,0,0,10.5,S,woman,Unknown,True,1,0,0,Adult,10.5,Mid,0,1,0,0,1,2.442,-0.607,-0.488
0,3,male,28.5,0,0,7.2292,C,man,Unknown,True,1,0,0,Adult,7.2292,Low,0,0,1,0,0,2.108,-0.044,-0.567
1,2,female,5.0,1,2,27.75,S,child,Unknown,False,4,1,1,Child,6.9375,High,0,1,0,0,1,3.359,-1.808,-0.069
0,3,male,11.0,5,2,46.9,S,child,Unknown,False,8,1,1,Child,5.8625,Premium,0,0,0,0,1,3.869,-1.358,0.396
0,3,male,22.0,0,0,7.2292,C,man,Unknown,True,1,0,0,Adult,7.2292,Low,0,0,1,0,0,2.108,-0.532,-0.567
1,1,female,38.0,0,0,80.0,S,woman,B,True,1,0,0,Adult,80.0,Premium,1,1,0,0,1,4.394,0.669,1.2
0,1,male,45.0,1,0,83.475,S,man,C,False,2,1,0,Adult,41.7375,Premium,1,0,0,0,1,4.436,1.194,1.285
0,3,male,4.0,3,2,27.9,S,child,Unknown,False,6,1,1,Child,4.6499999999999995,High,0,0,0,0,1,3.364,-1.883,-0.065
0,1,male,40.0,0,0,27.7208,C,man,Unknown,True,1,0,0,Adult,27.7208,High,0,0,1,0,0,3.358,0.819,-0.069
1,3,male,25.0,1,1,15.2458,C,man,Unknown,False,3,1,0,Adult,5.081933333333333,High,0,0,1,0,0,2.788,-0.307,-0.372
1,2,female,29.0,0,0,10.5,S,woman,F,True,1,0,0,Adult,10.5,Mid,1,1,0,0,1,2.442,-0.007,-0.488
0,3,male,19.0,0,0,8.1583,S,man,Unknown,True,1,0,0,Adult,8.1583,Mid,0,0,0,0,1,2.215,-0.758,-0.545
1,3,female,17.0,4,2,7.925,S,woman,Unknown,False,7,1,1,Teen,1.1321428571428571,Mid,0,1,0,0,1,2.189,-0.908,-0.55
0,3,male,26.0,2,0,8.6625,S,man,Unknown,False,3,1,0,Adult,2.8874999999999997,Mid,0,0,0,0,1,2.268,-0.232,-0.532
0,2,male,32.0,0,0,10.5,S,man,Unknown,True,1,0,0,Adult,10.5,Mid,0,0,0,0,1,2.442,0.218,-0.488
0,3,female,16.0,5,2,46.9,S,woman,Unknown,False,8,1,1,Teen,5.8625,Premium,0,1,0,0,1,3.869,-0.983,0.396
0,2,male,21.0,0,0,73.5,S,man,Unknown,True,1,0,0,Adult,73.5,Premium,0,0,0,0,1,4.311,-0.607,1.042
0,3,male,26.0,1,0,14.4542,C,man,Unknown,False,2,1,0,Adult,7.2271,Mid,0,0,1,0,0,2.738,-0.232,-0.392
1,3,male,32.0,0,0,56.4958,S,man,Unknown,True,1,0,0,Adult,56.4958,Premium,0,0,0,0,1,4.052,0.218,0.629
0,3,male,25.0,0,0,7.65,S,man,F,True,1,0,0,Adult,7.65,Low,1,0,0,0,1,2.158,-0.307,-0.557
0,3,male,25.0,0,0,7.8958,S,man,Unknown,True,1,0,0,Adult,7.8958,Low,0,0,0,0,1,2.186,-0.307,-0.551
0,3,male,25.0,0,0,8.05,S,man,Unknown,True,1,0,0,Adult,8.05,Mid,0,0,0,0,1,2.203,-0.307,-0.547
1,2,male,0.83,0,2,29.0,S,child,Unknown,False,3,1,1,Child,9.666666666666666,High,0,0,0,0,1,3.401,-2.121,-0.038
1,3,female,30.0,0,0,12.475,S,woman,Unknown,True,1,0,0,Adult,12.475,Mid,0,1,0,0,1,2.601,0.068,-0.44
0,3,male,22.0,0,0,9.0,S,man,Unknown,True,1,0,0,Adult,9.0,Mid,0,0,0,0,1,2.303,-0.532,-0.524
1,3,male,29.0,0,0,9.5,S,man,Unknown,True,1,0,0,Adult,9.5,Mid,0,0,0,0,1,2.351,-0.007,-0.512
1,3,female,21.5,0,0,7.7875,Q,woman,Unknown,True,1,0,0,Adult,7.7875,Low,0,1,0,1,0,2.173,-0.57,-0.554
0,1,male,28.0,0,0,47.1,S,man,Unknown,True,1,0,0,Adult,47.1,Premium,0,0,0,0,1,3.873,-0.082,0.401
1,2,female,17.0,0,0,10.5,S,woman,Unknown,True,1,0,1,Teen,10.5,Mid,0,1,0,0,1,2.442,-0.908,-0.488
1,3,female,33.0,3,0,15.85,S,woman,Unknown,False,4,1,0,Adult,3.9625,High,0,1,0,0,1,2.824,0.293,-0.358
0,3,male,16.0,1,3,34.375,S,man,Unknown,False,5,1,1,Teen,6.875,Premium,0,0,0,0,1,3.566,-0.983,0.092
0,3,male,25.0,0,0,8.05,S,man,Unknown,True,1,0,0,Adult,8.05,Mid,0,0,0,0,1,2.203,-0.307,-0.547
1,1,female,23.0,3,2,263.0,S,woman,C,False,6,1,0,Adult,43.833333333333336,Premium,1,1,0,0,1,5.576,-0.457,5.644
0,3,male,24.0,0,0,8.05,S,man,Unknown,True,1,0,0,Adult,8.05,Mid,0,0,0,0,1,2.203,-0.382,-0.547
0,3,male,29.0,0,0,8.05,S,man,Unknown,True,1,0,0,Adult,8.05,Mid,0,0,0,0,1,2.203,-0.007,-0.547
0,3,male,20.0,0,0,7.8542,S,man,Unknown,True,1,0,0,Adult,7.8542,Low,0,0,0,0,1,2.181,-0.682,-0.552
0,1,male,46.0,1,0,61.175,S,man,E,False,2,1,0,Adult,30.5875,Premium,1,0,0,0,1,4.13,1.269,0.743
0,3,male,26.0,1,2,20.575,S,man,Unknown,False,4,1,0,Adult,5.14375,High,0,0,0,0,1,3.072,-0.232,-0.243
0,3,male,59.0,0,0,7.25,S,man,Unknown,True,1,0,0,Adult,7.25,Low,0,0,0,0,1,2.11,2.245,-0.567
0,3,male,25.0,0,0,8.05,S,man,Unknown,True,1,0,0,Adult,8.05,Mid,0,0,0,0,1,2.203,-0.307,-0.547
0,1,male,71.0,0,0,34.6542,C,man,A,True,1,0,0,Senior,34.6542,Premium,1,0,1,0,0,3.574,3.146,0.099
1,1,male,23.0,0,1,63.3583,C,man,D,False,2,1,0,Adult,31.67915,Premium,1,0,1,0,0,4.164,-0.457,0.796
1,2,female,34.0,0,1,23.0,S,woman,Unknown,False,2,1,0,Adult,11.5,High,0,1,0,0,1,3.178,0.368,-0.184
0,2,male,34.0,1,0,26.0,S,man,Unknown,False,2,1,0,Adult,13.0,High,0,0,0,0,1,3.296,0.368,-0.111
0,3,female,28.0,0,0,7.8958,S,woman,Unknown,True,1,0,0,Adult,7.8958,Low,0,1,0,0,1,2.186,-0.082,-0.551
0,3,male,25.0,0,0,7.8958,S,man,Unknown,True,1,0,0,Adult,7.8958,Low,0,0,0,0,1,2.186,-0.307,-0.551
0,1,male,21.0,0,1,77.2875,S,man,D,False,2,1,0,Adult,38.64375,Premium,1,0,0,0,1,4.36,-0.607,1.134
0,3,male,33.0,0,0,8.6542,S,man,Unknown,True,1,0,0,Adult,8.6542,Mid,0,0,0,0,1,2.267,0.293,-0.533
0,3,male,37.0,2,0,7.925,S,man,Unknown,False,3,1,0,Adult,2.6416666666666666,Mid,0,0,0,0,1,2.189,0.594,-0.55
0,3,male,28.0,0,0,7.8958,S,man,Unknown,True,1,0,0,Adult,7.8958,Low,0,0,0,0,1,2.186,-0.082,-0.551
1,3,female,21.0,0,0,7.65,S,woman,Unknown,True,1,0,0,Adult,7.65,Low,0,1,0,0,1,2.158,-0.607,-0.557
1,3,male,25.0,0,0,7.775,S,man,Unknown,True,1,0,0,Adult,7.775,Low,0,0,0,0,1,2.172,-0.307,-0.554
0,3,male,38.0,0,0,7.8958,S,man,Unknown,True,1,0,0,Adult,7.8958,Low,0,0,0,0,1,2.186,0.669,-0.551
1,3,female,21.5,1,0,24.15,Q,woman,Unknown,False,2,1,0,Adult,12.075,High,0,1,0,1,0,3.225,-0.57,-0.156
0,1,male,47.0,0,0,52.0,S,man,C,True,1,0,0,Adult,52.0,Premium,1,0,0,0,1,3.97,1.344,0.52
0,3,female,14.5,1,0,14.4542,C,child,Unknown,False,2,1,1,Teen,7.2271,Mid,0,1,1,0,0,2.738,-1.095,-0.392
0,3,male,22.0,0,0,8.05,S,man,Unknown,True,1,0,0,Adult,8.05,Mid,0,0,0,0,1,2.203,-0.532,-0.547
0,3,female,20.0,1,0,9.825,S,woman,Unknown,False,2,1,0,Adult,4.9125,Mid,0,1,0,0,1,2.382,-0.682,-0.504
0,3,female,17.0,0,0,14.4583,C,woman,Unknown,True,1,0,1,Teen,14.4583,High,0,1,1,0,0,2.738,-0.908,-0.392
0,3,male,21.0,0,0,7.925,S,man,Unknown,True,1,0,0,Adult,7.925,Mid,0,0,0,0,1,2.189,-0.607,-0.55
0,3,male,70.5,0,0,7.75,Q,man,Unknown,True,1,0,0,Senior,7.75,Low,0,0,0,1,0,2.169,3.108,-0.554
0,2,male,29.0,1,0,21.0,S,man,Unknown,False,2,1,0,Adult,10.5,High,0,0,0,0,1,3.091,-0.007,-0.233
0,1,male,24.0,0,1,247.5208,C,man,B,False,2,1,0,Adult,123.7604,Premium,1,0,1,0,0,5.516,-0.382,5.269
0,3,female,2.0,4,2,31.275,S,child,Unknown,False,7,1,1,Child,4.4678571428571425,Premium,0,1,0,0,1,3.474,-2.034,0.017
0,2,male,21.0,2,0,73.5,S,man,Unknown,False,3,1,0,Adult,24.5,Premium,0,0,0,0,1,4.311,-0.607,1.042
0,3,male,25.0,0,0,8.05,S,man,Unknown,True,1,0,0,Adult,8.05,Mid,0,0,0,0,1,2.203,-0.307,-0.547
0,2,male,32.5,1,0,30.0708,C,man,Unknown,False,2,1,0,Adult,15.0354,High,0,0,1,0,0,3.436,0.256,-0.012
1,2,female,32.5,0,0,13.0,S,woman,E,True,1,0,0,Adult,13.0,Mid,1,1,0,0,1,2.639,0.256,-0.427
0,1,male,54.0,0,1,77.2875,S,man,D,False,2,1,0,Adult,38.64375,Premium,1,0,0,0,1,4.36,1.87,1.134
1,3,male,12.0,1,0,11.2417,C,child,Unknown,False,2,1,1,Child,5.62085,Mid,0,0,1,0,0,2.505,-1.283,-0.47
0,3,male,25.0,0,0,7.75,Q,man,Unknown,True,1,0,0,Adult,7.75,Low,0,0,0,1,0,2.169,-0.307,-0.554
1,3,male,24.0,0,0,7.1417,S,man,Unknown,True,1,0,0,Adult,7.1417,Low,0,0,0,0,1,2.097,-0.382,-0.569
1,3,female,21.5,1,1,22.3583,C,woman,F,False,3,1,0,Adult,7.452766666666666,High,1,1,1,0,0,3.151,-0.57,-0.2
0,3,male,45.0,0,0,6.975,S,man,Unknown,True,1,0,0,Adult,6.975,Low,0,0,0,0,1,2.076,1.194,-0.573
0,3,male,33.0,0,0,7.8958,C,man,Unknown,True,1,0,0,Adult,7.8958,Low,0,0,1,0,0,2.186,0.293,-0.551
0,3,male,20.0,0,0,7.05,S,man,Unknown,True,1,0,0,Adult,7.05,Low,0,0,0,0,1,2.086,-0.682,-0.571
0,3,female,47.0,1,0,14.5,S,woman,Unknown,False,2,1,0,Adult,7.25,High,0,1,0,0,1,2.741,1.344,-0.391
1,2,female,29.0,1,0,26.0,S,woman,Unknown,False,2,1,0,Adult,13.0,High,0,1,0,0,1,3.296,-0.007,-0.111
0,2,male,25.0,0,0,13.0,S,man,Unknown,True,1,0,0,Adult,13.0,Mid,0,0,0,0,1,2.639,-0.307,-0.427
0,2,male,23.0,0,0,15.0458,C,man,Unknown,True,1,0,0,Adult,15.0458,High,0,0,1,0,0,2.775,-0.457,-0.377
1,1,female,19.0,0,2,26.2833,S,woman,D,False,3,1,0,Adult,8.7611,High,1,1,0,0,1,3.306,-0.758,-0.104
0,1,male,37.0,1,0,53.1,S,man,C,False,2,1,0,Adult,26.55,Premium,1,0,0,0,1,3.991,0.594,0.547
0,3,male,16.0,0,0,9.2167,S,man,Unknown,True,1,0,1,Teen,9.2167,Mid,0,0,0,0,1,2.324,-0.983,-0.519
0,1,male,24.0,0,0,79.2,C,man,B,True,1,0,0,Adult,79.2,Premium,1,0,1,0,0,4.385,-0.382,1.181
0,3,female,21.5,0,2,15.2458,C,woman,Unknown,False,3,1,0,Adult,5.081933333333333,High,0,1,1,0,0,2.788,-0.57,-0.372
1,3,female,22.0,0,0,7.75,S,woman,Unknown,True,1,0,0,Adult,7.75,Low,0,1,0,0,1,2.169,-0.532,-0.554
1,3,female,24.0,1,0,15.85,S,woman,Unknown,False,2,1,0,Adult,7.925,High,0,1,0,0,1,2.824,-0.382,-0.358
0,3,male,19.0,0,0,6.75,Q,man,Unknown,True,1,0,0,Adult,6.75,Low,0,0,0,1,0,2.048,-0.758,-0.579
0,2,male,18.0,0,0,11.5,S,man,Unknown,True,1,0,0,Adult,11.5,Mid,0,0,0,0,1,2.526,-0.833,-0.463
0,2,male,19.0,1,1,36.75,S,man,Unknown,False,3,1,0,Adult,12.25,Premium,0,0,0,0,1,3.631,-0.758,0.15
1,3,male,27.0,0,0,7.7958,S,man,Unknown,True,1,0,0,Adult,7.7958,Low,0,0,0,0,1,2.174,-0.157,-0.553
0,3,female,9.0,2,2,34.375,S,child,Unknown,False,5,1,1,Child,6.875,Premium,0,1,0,0,1,3.566,-1.508,0.092
0,2,male,36.5,0,2,26.0,S,man,F,False,3,1,0,Adult,8.666666666666666,High,1,0,0,0,1,3.296,0.556,-0.111
0,2,male,42.0,0,0,13.0,S,man,Unknown,True,1,0,0,Adult,13.0,Mid,0,0,0,0,1,2.639,0.969,-0.427
0,2,male,51.0,0,0,12.525,S,man,Unknown,True,1,0,0,Adult,12.525,Mid,0,0,0,0,1,2.605,1.645,-0.439
1,1,female,22.0,1,0,66.6,S,woman,C,False,2,1,0,Adult,33.3,Premium,1,1,0,0,1,4.214,-0.532,0.875
0,3,male,55.5,0,0,8.05,S,man,Unknown,True,1,0,0,Adult,8.05,Mid,0,0,0,0,1,2.203,1.982,-0.547
0,3,male,40.5,0,2,14.5,S,man,Unknown,False,3,1,0,Adult,4.833333333333333,High,0,0,0,0,1,2.741,0.856,-0.391
0,3,male,25.0,0,0,7.3125,S,man,Unknown,True,1,0,0,Adult,7.3125,Low,0,0,0,0,1,2.118,-0.307,-0.565
0,1,male,51.0,0,1,61.3792,C,man,Unknown,False,2,1,0,Adult,30.6896,Premium,0,0,1,0,0,4.133,1.645,0.748
1,3,female,16.0,0,0,7.7333,Q,woman,Unknown,True,1,0,1,Teen,7.7333,Low,0,1,0,1,0,2.167,-0.983,-0.555
0,3,male,30.0,0,0,8.05,S,man,Unknown,True,1,0,0,Adult,8.05,Mid,0,0,0,0,1,2.203,0.068,-0.547
0,3,male,25.0,0,0,8.6625,S,man,Unknown,True,1,0,0,Adult,8.6625,Mid,0,0,0,0,1,2.268,-0.307,-0.532
0,3,male,25.0,8,2,69.55,S,man,Unknown,False,11,1,0,Adult,6.322727272727272,Premium,0,0,0,0,1,4.256,-0.307,0.946
0,3,male,44.0,0,1,16.1,S,man,Unknown,False,2,1,0,Adult,8.05,High,0,0,0,0,1,2.839,1.119,-0.352
1,2,female,40.0,0,0,15.75,S,woman,Unknown,True,1,0,0,Adult,15.75,High,0,1,0,0,1,2.818,0.819,-0.36
0,3,male,26.0,0,0,7.775,S,man,Unknown,True,1,0,0,Adult,7.775,Low,0,0,0,0,1,2.172,-0.232,-0.554
0,3,male,17.0,0,0,8.6625,S,man,Unknown,True,1,0,1,Teen,8.6625,Mid,0,0,0,0,1,2.268,-0.908,-0.532
0,3,male,1.0,4,1,39.6875,S,child,Unknown,False,6,1,1,Child,6.614583333333333,Premium,0,0,0,0,1,3.706,-2.109,0.221
1,3,male,9.0,0,2,20.525,S,child,Unknown,False,3,1,1,Child,6.841666666666666,High,0,0,0,0,1,3.069,-1.508,-0.244
1,1,female,35.0,0,1,55.0,S,woman,E,False,2,1,0,Adult,27.5,Premium,1,1,0,0,1,4.025,0.444,0.593
0,3,female,45.0,1,4,27.9,S,woman,Unknown,False,6,1,0,Adult,4.6499999999999995,High,0,1,0,0,1,3.364,1.194,-0.065
0,1,male,40.0,0,0,25.925,S,man,Unknown,True,1,0,0,Adult,25.925,High,0,0,0,0,1,3.293,0.819,-0.113
0,3,male,28.0,0,0,56.4958,S,man,Unknown,True,1,0,0,Adult,56.4958,Premium,0,0,0,0,1,4.052,-0.082,0.629
0,1,male,61.0,0,0,33.5,S,man,B,True,1,0,0,Senior,33.5,Premium,1,0,0,0,1,3.541,2.395,0.071
0,3,male,4.0,4,1,29.125,Q,child,Unknown,False,6,1,1,Child,4.854166666666667,High,0,0,0,1,0,3.405,-1.883,-0.035
1,3,female,1.0,1,1,11.1333,S,child,Unknown,False,3,1,1,Child,3.7111,Mid,0,1,0,0,1,2.496,-2.109,-0.472
0,3,male,21.0,0,0,7.925,S,man,Unknown,True,1,0,0,Adult,7.925,Mid,0,0,0,0,1,2.189,-0.607,-0.55
0,1,male,56.0,0,0,30.6958,C,man,A,True,1,0,0,Adult,30.6958,High,1,0,1,0,0,3.456,2.02,0.003
0,3,male,18.0,1,1,7.8542,S,man,Unknown,False,3,1,0,Adult,2.6180666666666665,Low,0,0,0,0,1,2.181,-0.833,-0.552
0,3,male,25.0,3,1,25.4667,S,man,Unknown,False,5,1,0,Adult,5.0933399999999995,High,0,0,0,0,1,3.276,-0.307,-0.124
0,1,female,50.0,0,0,28.7125,C,woman,C,True,1,0,0,Adult,28.7125,High,1,1,1,0,0,3.392,1.569,-0.045
0,2,male,30.0,0,0,13.0,S,man,Unknown,True,1,0,0,Adult,13.0,Mid,0,0,0,0,1,2.639,0.068,-0.427
0,3,male,36.0,0,0,0.0,S,man,Unknown,True,1,0,0,Adult,0.0,Low,0,0,0,0,1,0.0,0.519,-0.743
0,3,female,21.5,8,2,69.55,S,woman,Unknown,False,11,1,0,Adult,6.322727272727272,Premium,0,1,0,0,1,4.256,-0.57,0.946
0,2,male,30.0,0,0,15.05,C,man,Unknown,True,1,0,0,Adult,15.05,High,0,0,1,0,0,2.776,0.068,-0.377
0,3,male,9.0,4,2,31.3875,S,child,Unknown,False,7,1,1,Child,4.483928571428572,Premium,0,0,0,0,1,3.478,-1.508,0.02
1,2,male,1.0,2,1,39.0,S,child,F,False,4,1,1,Child,9.75,Premium,1,0,0,0,1,3.689,-2.109,0.204
1,3,female,4.0,0,2,22.025,S,child,Unknown,False,3,1,1,Child,7.341666666666666,High,0,1,0,0,1,3.137,-1.883,-0.208
0,1,male,40.0,0,0,50.0,S,man,A,True,1,0,0,Adult,50.0,Premium,1,0,0,0,1,3.932,0.819,0.472
1,3,female,21.5,1,0,15.5,Q,woman,Unknown,False,2,1,0,Adult,7.75,High,0,1,0,1,0,2.803,-0.57,-0.366
1,1,male,45.0,0,0,26.55,S,man,Unknown,True,1,0,0,Adult,26.55,High,0,0,0,0,1,3.316,1.194,-0.098
0,3,male,40.0,1,1,15.5,Q,man,Unknown,False,3,1,0,Adult,5.166666666666667,High,0,0,0,1,0,2.803,0.819,-0.366
0,3,male,36.0,0,0,7.8958,S,man,Unknown,True,1,0,0,Adult,7.8958,Low,0,0,0,0,1,2.186,0.519,-0.551
1,2,female,32.0,0,0,13.0,S,woman,Unknown,True,1,0,0,Adult,13.0,Mid,0,1,0,0,1,2.639,0.218,-0.427
0,2,male,19.0,0,0,13.0,S,man,Unknown,True,1,0,0,Adult,13.0,Mid,0,0,0,0,1,2.639,-0.758,-0.427
1,3,female,19.0,1,0,7.8542,S,woman,Unknown,False,2,1,0,Adult,3.9271,Low,0,1,0,0,1,2.181,-0.758,-0.552
1,2,male,3.0,1,1,26.0,S,child,F,False,3,1,1,Child,8.666666666666666,High,1,0,0,0,1,3.296,-1.959,-0.111
1,1,female,44.0,0,0,27.7208,C,woman,B,True,1,0,0,Adult,27.7208,High,1,1,1,0,0,3.358,1.119,-0.069
1,1,female,58.0,0,0,146.5208,C,woman,B,True,1,0,0,Adult,146.5208,Premium,1,1,1,0,0,4.994,2.17,2.816
0,3,male,25.0,0,0,7.75,Q,man,Unknown,True,1,0,0,Adult,7.75,Low,0,0,0,1,0,2.169,-0.307,-0.554
0,3,male,42.0,0,1,8.4042,S,man,Unknown,False,2,1,0,Adult,4.2021,Mid,0,0,0,0,1,2.241,0.969,-0.539
1,3,female,21.5,0,0,7.75,Q,woman,Unknown,True,1,0,0,Adult,7.75,Low,0,1,0,1,0,2.169,-0.57,-0.554
0,2,female,24.0,0,0,13.0,S,woman,Unknown,True,1,0,0,Adult,13.0,Mid,0,1,0,0,1,2.639,-0.382,-0.427
0,3,male,28.0,0,0,9.5,S,man,Unknown,True,1,0,0,Adult,9.5,Mid,0,0,0,0,1,2.351,-0.082,-0.512
0,3,male,25.0,8,2,69.55,S,man,Unknown,False,11,1,0,Adult,6.322727272727272,Premium,0,0,0,0,1,4.256,-0.307,0.946
0,3,male,34.0,0,0,6.4958,S,man,Unknown,True,1,0,0,Adult,6.4958,Low,0,0,0,0,1,2.014,0.368,-0.585
0,3,male,45.5,0,0,7.225,C,man,Unknown,True,1,0,0,Adult,7.225,Low,0,0,1,0,0,2.107,1.232,-0.567
1,3,male,18.0,0,0,8.05,S,man,Unknown,True,1,0,0,Adult,8.05,Mid,0,0,0,0,1,2.203,-0.833,-0.547
0,3,female,2.0,0,1,10.4625,S,child,G,False,2,1,1,Child,5.23125,Mid,1,1,0,0,1,2.439,-2.034,-0.489
0,3,male,32.0,1,0,15.85,S,man,Unknown,False,2,1,0,Adult,7.925,High,0,0,0,0,1,2.824,0.218,-0.358
1,3,male,26.0,0,0,18.7875,C,man,Unknown,True,1,0,0,Adult,18.7875,High,0,0,1,0,0,2.985,-0.232,-0.286
1,3,female,16.0,0,0,7.75,Q,woman,Unknown,True,1,0,1,Teen,7.75,Low,0,1,0,1,0,2.169,-0.983,-0.554
1,1,male,40.0,0,0,31.0,C,man,A,True,1,0,0,Adult,31.0,Premium,1,0,1,0,0,3.466,0.819,0.01
0,3,male,24.0,0,0,7.05,S,man,Unknown,True,1,0,0,Adult,7.05,Low,0,0,0,0,1,2.086,-0.382,-0.571
1,2,female,35.0,0,0,21.0,S,woman,Unknown,True,1,0,0,Adult,21.0,High,0,1,0,0,1,3.091,0.444,-0.233
0,3,male,22.0,0,0,7.25,S,man,Unknown,True,1,0,0,Adult,7.25,Low,0,0,0,0,1,2.11,-0.532,-0.567
0,2,male,30.0,0,0,13.0,S,man,Unknown,True,1,0,0,Adult,13.0,Mid,0,0,0,0,1,2.639,0.068,-0.427
0,3,male,25.0,1,0,7.75,Q,man,Unknown,False,2,1,0,Adult,3.875,Low,0,0,0,1,0,2.169,-0.307,-0.554
1,1,female,31.0,1,0,113.275,C,woman,D,False,2,1,0,Adult,56.6375,Premium,1,1,1,0,0,4.739,0.143,2.008
1,3,female,27.0,0,0,7.925,S,woman,Unknown,True,1,0,0,Adult,7.925,Mid,0,1,0,0,1,2.189,-0.157,-0.55
0,2,male,42.0,1,0,27.0,S,man,Unknown,False,2,1,0,Adult,13.5,High,0,0,0,0,1,3.332,0.969,-0.087
1,1,female,32.0,0,0,76.2917,C,woman,D,True,1,0,0,Adult,76.2917,Premium,1,1,1,0,0,4.348,0.218,1.11
0,2,male,30.0,0,0,10.5,S,man,Unknown,True,1,0,0,Adult,10.5,Mid,0,0,0,0,1,2.442,0.068,-0.488
1,3,male,16.0,0,0,8.05,S,man,Unknown,True,1,0,1,Teen,8.05,Mid,0,0,0,0,1,2.203,-0.983,-0.547
0,2,male,27.0,0,0,13.0,S,man,Unknown,True,1,0,0,Adult,13.0,Mid,0,0,0,0,1,2.639,-0.157,-0.427
0,3,male,51.0,0,0,8.05,S,man,Unknown,True,1,0,0,Adult,8.05,Mid,0,0,0,0,1,2.203,1.645,-0.547
0,3,male,25.0,0,0,7.8958,S,man,Unknown,True,1,0,0,Adult,7.8958,Low,0,0,0,0,1,2.186,-0.307,-0.551
1,1,male,38.0,1,0,90.0,S,man,C,False,2,1,0,Adult,45.0,Premium,1,0,0,0,1,4.511,0.669,1.443
0,3,male,22.0,0,0,9.35,S,man,Unknown,True,1,0,0,Adult,9.35,Mid,0,0,0,0,1,2.337,-0.532,-0.516
1,2,male,19.0,0,0,10.5,S,man,Unknown,True,1,0,0,Adult,10.5,Mid,0,0,0,0,1,2.442,-0.758,-0.488
0,3,male,20.5,0,0,7.25,S,man,Unknown,True,1,0,0,Adult,7.25,Low,0,0,0,0,1,2.11,-0.645,-0.567
0,2,male,18.0,0,0,13.0,S,man,Unknown,True,1,0,0,Adult,13.0,Mid,0,0,0,0,1,2.639,-0.833,-0.427
0,3,female,21.5,3,1,25.4667,S,woman,Unknown,False,5,1,0,Adult,5.0933399999999995,High,0,1,0,0,1,3.276,-0.57,-0.124
1,1,female,35.0,1,0,83.475,S,woman,C,False,2,1,0,Adult,41.7375,Premium,1,1,0,0,1,4.436,0.444,1.285
0,3,male,29.0,0,0,7.775,S,man,Unknown,True,1,0,0,Adult,7.775,Low,0,0,0,0,1,2.172,-0.007,-0.554
0,2,male,59.0,0,0,13.5,S,man,Unknown,True,1,0,0,Adult,13.5,Mid,0,0,0,0,1,2.674,2.245,-0.415
1,3,female,5.0,4,2,31.3875,S,child,Unknown,False,7,1,1,Child,4.483928571428572,Premium,0,1,0,0,1,3.478,-1.808,0.02
0,2,male,24.0,0,0,10.5,S,man,Unknown,True,1,0,0,Adult,10.5,Mid,0,0,0,0,1,2.442,-0.382,-0.488
0,3,female,21.5,0,0,7.55,S,woman,Unknown,True,1,0,0,Adult,7.55,Low,0,1,0,0,1,2.146,-0.57,-0.559
0,2,male,44.0,1,0,26.0,S,man,Unknown,False,2,1,0,Adult,13.0,High,0,0,0,0,1,3.296,1.119,-0.111
1,2,female,8.0,0,2,26.25,S,child,Unknown,False,3,1,1,Child,8.75,High,0,1,0,0,1,3.305,-1.583,-0.105
0,2,male,19.0,0,0,10.5,S,man,Unknown,True,1,0,0,Adult,10.5,Mid,0,0,0,0,1,2.442,-0.758,-0.488
0,2,male,33.0,0,0,12.275,S,man,Unknown,True,1,0,0,Adult,12.275,Mid,0,0,0,0,1,2.586,0.293,-0.445
0,3,female,21.5,1,0,14.4542,C,woman,Unknown,False,2,1,0,Adult,7.2271,Mid,0,1,1,0,0,2.738,-0.57,-0.392
1,3,female,21.5,1,0,15.5,Q,woman,Unknown,False,2,1,0,Adult,7.75,High,0,1,0,1,0,2.803,-0.57,-0.366
0,2,male,29.0,0,0,10.5,S,man,Unknown,True,1,0,0,Adult,10.5,Mid,0,0,0,0,1,2.442,-0.007,-0.488
0,3,male,22.0,0,0,7.125,S,man,Unknown,True,1,0,0,Adult,7.125,Low,0,0,0,0,1,2.095,-0.532,-0.57
0,3,male,30.0,0,0,7.225,C,man,Unknown,True,1,0,0,Adult,7.225,Low,0,0,1,0,0,2.107,0.068,-0.567
0,1,male,44.0,2,0,90.0,Q,man,C,False,3,1,0,Adult,30.0,Premium,1,0,0,1,0,4.511,1.119,1.443
0,3,female,25.0,0,0,7.775,S,woman,Unknown,True,1,0,0,Adult,7.775,Low,0,1,0,0,1,2.172,-0.307,-0.554
1,2,female,24.0,0,2,14.5,S,woman,Unknown,False,3,1,0,Adult,4.833333333333333,High,0,1,0,0,1,2.741,-0.382,-0.391
1,1,male,37.0,1,1,52.5542,S,man,D,False,3,1,0,Adult,17.518066666666666,Premium,1,0,0,0,1,3.981,0.594,0.534
0,2,male,54.0,1,0,26.0,S,man,Unknown,False,2,1,0,Adult,13.0,High,0,0,0,0,1,3.296,1.87,-0.111
0,3,male,25.0,0,0,7.25,S,man,Unknown,True,1,0,0,Adult,7.25,Low,0,0,0,0,1,2.11,-0.307,-0.567
0,3,female,29.0,1,1,10.4625,S,woman,G,False,3,1,0,Adult,3.4875000000000003,Mid,1,1,0,0,1,2.439,-0.007,-0.489
0,1,male,62.0,0,0,26.55,S,man,C,True,1,0,0,Senior,26.55,High,1,0,0,0,1,3.316,2.47,-0.098
0,3,male,30.0,1,0,16.1,S,man,Unknown,False,2,1,0,Adult,8.05,High,0,0,0,0,1,2.839,0.068,-0.352
0,3,female,41.0,0,2,20.2125,S,woman,Unknown,False,3,1,0,Adult,6.7375,High,0,1,0,0,1,3.055,0.894,-0.252
1,3,female,29.0,0,2,15.2458,C,woman,Unknown,False,3,1,0,Adult,5.081933333333333,High,0,1,1,0,0,2.788,-0.007,-0.372
1,1,female,35.0,0,0,79.2,C,woman,Unknown,True,1,0,0,Adult,79.2,Premium,0,1,1,0,0,4.385,0.444,1.181
1,1,female,30.0,0,0,86.5,S,woman,B,True,1,0,0,Adult,86.5,Premium,1,1,0,0,1,4.472,0.068,1.358
1,2,female,50.0,0,1,26.0,S,woman,Unknown,False,2,1,0,Adult,13.0,High,0,1,0,0,1,3.296,1.569,-0.111
0,3,male,25.0,0,0,7.75,Q,man,Unknown,True,1,0,0,Adult,7.75,Low,0,0,0,1,0,2.169,-0.307,-0.554
1,3,male,3.0,4,2,31.3875,S,child,Unknown,False,7,1,1,Child,4.483928571428572,Premium,0,0,0,0,1,3.478,-1.959,0.02
0,1,male,52.0,1,1,79.65,S,man,E,False,3,1,0,Adult,26.55,Premium,1,0,0,0,1,4.39,1.72,1.192
0,1,male,40.0,0,0,0.0,S,man,B,True,1,0,0,Adult,0.0,Low,1,0,0,0,1,0.0,0.819,-0.743
0,3,female,21.5,0,0,7.75,Q,woman,Unknown,True,1,0,0,Adult,7.75,Low,0,1,0,1,0,2.169,-0.57,-0.554
0,2,male,36.0,0,0,10.5,S,man,Unknown,True,1,0,0,Adult,10.5,Mid,0,0,0,0,1,2.442,0.519,-0.488
0,3,male,16.0,4,1,39.6875,S,man,Unknown,False,6,1,1,Teen,6.614583333333333,Premium,0,0,0,0,1,3.706,-0.983,0.221
1,3,male,25.0,1,0,7.775,S,man,Unknown,False,2,1,0,Adult,3.8875,Low,0,0,0,0,1,2.172,-0.307,-0.554
1,1,female,58.0,0,1,153.4625,S,woman,C,False,2,1,0,Adult,76.73125,Premium,1,1,0,0,1,5.04,2.17,2.984
1,1,female,35.0,0,0,135.6333,S,woman,C,True,1,0,0,Adult,135.6333,Premium,1,1,0,0,1,4.917,0.444,2.551
0,1,male,40.0,0,0,31.0,S,man,Unknown,True,1,0,0,Adult,31.0,Premium,0,0,0,0,1,3.466,0.819,0.01
1,3,male,25.0,0,0,0.0,S,man,Unknown,True,1,0,0,Adult,0.0,Low,0,0,0,0,1,0.0,-0.307,-0.743
1,2,female,41.0,0,1,19.5,S,woman,Unknown,False,2,1,0,Adult,9.75,High,0,1,0,0,1,3.02,0.894,-0.269
0,1,male,37.0,0,1,29.7,C,man,C,False,2,1,0,Adult,14.85,High,1,0,1,0,0,3.424,0.594,-0.021
1,3,female,21.5,0,0,7.75,Q,woman,Unknown,True,1,0,0,Adult,7.75,Low,0,1,0,1,0,2.169,-0.57,-0.554
1,1,female,63.0,1,0,77.9583,S,woman,D,False,2,1,0,Senior,38.97915,Premium,1,1,0,0,1,4.369,2.545,1.151
0,3,female,45.0,0,0,7.75,S,woman,Unknown,True,1,0,0,Adult,7.75,Low,0,1,0,0,1,2.169,1.194,-0.554
0,2,male,30.0,0,0,0.0,S,man,Unknown,True,1,0,0,Adult,0.0,Low,0,0,0,0,1,0.0,0.068,-0.743
0,3,male,7.0,4,1,29.125,Q,child,Unknown,False,6,1,1,Child,4.854166666666667,High,0,0,0,1,0,3.405,-1.658,-0.035
1,3,female,35.0,1,1,20.25,S,woman,Unknown,False,3,1,0,Adult,6.75,High,0,1,0,0,1,3.056,0.444,-0.251
0,3,male,65.0,0,0,7.75,Q,man,Unknown,True,1,0,0,Senior,7.75,Low,0,0,0,1,0,2.169,2.695,-0.554
0,3,male,28.0,0,0,7.8542,S,man,Unknown,True,1,0,0,Adult,7.8542,Low,0,0,0,0,1,2.181,-0.082,-0.552
0,3,male,16.0,0,0,9.5,S,man,Unknown,True,1,0,1,Teen,9.5,Mid,0,0,0,0,1,2.351,-0.983,-0.512
1,3,male,19.0,0,0,8.05,S,man,Unknown,True,1,0,0,Adult,8.05,Mid,0,0,0,0,1,2.203,-0.758,-0.547
0,1,male,40.0,0,0,26.0,S,man,A,True,1,0,0,Adult,26.0,High,1,0,0,0,1,3.296,0.819,-0.111
0,3,male,33.0,0,0,8.6625,C,man,Unknown,True,1,0,0,Adult,8.6625,Mid,0,0,1,0,0,2.268,0.293,-0.532
1,3,male,30.0,0,0,9.5,S,man,Unknown,True,1,0,0,Adult,9.5,Mid,0,0,0,0,1,2.351,0.068,-0.512
0,3,male,22.0,0,0,7.8958,S,man,Unknown,True,1,0,0,Adult,7.8958,Low,0,0,0,0,1,2.186,-0.532,-0.551
1,2,male,42.0,0,0,13.0,S,man,Unknown,True,1,0,0,Adult,13.0,Mid,0,0,0,0,1,2.639,0.969,-0.427
1,3,female,22.0,0,0,7.75,Q,woman,Unknown,True,1,0,0,Adult,7.75,Low,0,1,0,1,0,2.169,-0.532,-0.554
1,1,female,26.0,0,0,78.85,S,woman,Unknown,True,1,0,0,Adult,78.85,Premium,0,1,0,0,1,4.38,-0.232,1.172
1,1,female,19.0,1,0,91.0792,C,woman,B,False,2,1,0,Adult,45.5396,Premium,1,1,1,0,0,4.523,-0.758,1.469
0,2,male,36.0,0,0,12.875,C,man,D,True,1,0,0,Adult,12.875,Mid,1,0,1,0,0,2.63,0.519,-0.43
0,3,female,24.0,0,0,8.85,S,woman,Unknown,True,1,0,0,Adult,8.85,Mid,0,1,0,0,1,2.287,-0.382,-0.528
0,3,male,24.0,0,0,7.8958,S,man,Unknown,True,1,0,0,Adult,7.8958,Low,0,0,0,0,1,2.186,-0.382,-0.551
0,1,male,40.0,0,0,27.7208,C,man,Unknown,True,1,0,0,Adult,27.7208,High,0,0,1,0,0,3.358,0.819,-0.069
0,3,male,23.5,0,0,7.2292,C,man,Unknown,True,1,0,0,Adult,7.2292,Low,0,0,1,0,0,2.108,-0.42,-0.567
0,1,female,2.0,1,2,151.55,S,child,C,False,4,1,1,Child,37.8875,Premium,1,1,0,0,1,5.027,-2.034,2.938
1,1,male,40.0,0,0,30.5,S,man,C,True,1,0,0,Adult,30.5,High,1,0,0,0,1,3.45,0.819,-0.002
1,1,female,50.0,0,1,247.5208,C,woman,B,False,2,1,0,Adult,123.7604,Premium,1,1,1,0,0,5.516,1.569,5.269
1,3,female,21.5,0,0,7.75,Q,woman,Unknown,True,1,0,0,Adult,7.75,Low,0,1,0,1,0,2.169,-0.57,-0.554
1,3,male,25.0,2,0,23.25,Q,man,Unknown,False,3,1,0,Adult,7.75,High,0,0,0,1,0,3.188,-0.307,-0.178
0,3,male,19.0,0,0,0.0,S,man,Unknown,True,1,0,0,Adult,0.0,Low,0,0,0,0,1,0.0,-0.758,-0.743
1,2,female,28.0,0,0,12.35,Q,woman,E,True,1,0,0,Adult,12.35,Mid,1,1,0,1,0,2.592,-0.082,-0.443
0,3,male,25.0,0,0,8.05,S,man,Unknown,True,1,0,0,Adult,8.05,Mid,0,0,0,0,1,2.203,-0.307,-0.547
1,1,male,0.92,1,2,151.55,S,child,C,False,4,1,1,Child,37.8875,Premium,1,0,0,0,1,5.027,-2.115,2.938
1,1,female,35.0,0,0,110.8833,C,woman,Unknown,True,1,0,0,Adult,110.8833,Premium,0,1,1,0,0,4.717,0.444,1.95
1,1,female,17.0,1,0,108.9,C,woman,C,False,2,1,1,Teen,54.45,Premium,1,1,1,0,0,4.7,-0.908,1.902
0,2,male,30.0,1,0,24.0,C,man,Unknown,False,2,1,0,Adult,12.0,High,0,0,1,0,0,3.219,0.068,-0.16
1,1,female,30.0,0,0,56.9292,C,woman,E,True,1,0,0,Adult,56.9292,Premium,1,1,1,0,0,4.059,0.068,0.64
1,1,female,24.0,0,0,83.1583,C,woman,C,True,1,0,0,Adult,83.1583,Premium,1,1,1,0,0,4.433,-0.382,1.277
1,1,female,18.0,2,2,262.375,C,woman,B,False,5,1,0,Adult,52.475,Premium,1,1,1,0,0,5.574,-0.833,5.629
0,2,female,26.0,1,1,26.0,S,woman,Unknown,False,3,1,0,Adult,8.666666666666666,High,0,1,0,0,1,3.296,-0.232,-0.111
0,3,male,28.0,0,0,7.8958,S,man,Unknown,True,1,0,0,Adult,7.8958,Low,0,0,0,0,1,2.186,-0.082,-0.551
0,2,male,43.0,1,1,26.25,S,man,Unknown,False,3,1,0,Adult,8.75,High,0,0,0,0,1,3.305,1.044,-0.105
1,3,female,26.0,0,0,7.8542,S,woman,Unknown,True,1,0,0,Adult,7.8542,Low,0,1,0,0,1,2.181,-0.232,-0.552
1,2,female,24.0,1,0,26.0,S,woman,Unknown,False,2,1,0,Adult,13.0,High,0,1,0,0,1,3.296,-0.382,-0.111
0,2,male,54.0,0,0,14.0,S,man,Unknown,True,1,0,0,Adult,14.0,Mid,0,0,0,0,1,2.708,1.87,-0.403
1,1,female,31.0,0,2,164.8667,S,woman,C,False,3,1,0,Adult,54.95556666666667,Premium,1,1,0,0,1,5.111,0.143,3.261
1,1,female,40.0,1,1,134.5,C,woman,E,False,3,1,0,Adult,44.833333333333336,Premium,1,1,1,0,0,4.909,0.819,2.524
0,3,male,22.0,0,0,7.25,S,man,Unknown,True,1,0,0,Adult,7.25,Low,0,0,0,0,1,2.11,-0.532,-0.567
0,3,male,27.0,0,0,7.8958,S,man,Unknown,True,1,0,0,Adult,7.8958,Low,0,0,0,0,1,2.186,-0.157,-0.551
1,2,female,30.0,0,0,12.35,Q,woman,Unknown,True,1,0,0,Adult,12.35,Mid,0,1,0,1,0,2.592,0.068,-0.443
1,2,female,22.0,1,1,29.0,S,woman,Unknown,False,3,1,0,Adult,9.666666666666666,High,0,1,0,0,1,3.401,-0.532,-0.038
0,3,male,25.0,8,2,69.55,S,man,Unknown,False,11,1,0,Adult,6.322727272727272,Premium,0,0,0,0,1,4.256,-0.307,0.946
1,1,female,36.0,0,0,135.6333,C,woman,C,True,1,0,0,Adult,135.6333,Premium,1,1,1,0,0,4.917,0.519,2.551
0,3,male,61.0,0,0,6.2375,S,man,Unknown,True,1,0,0,Senior,6.2375,Low,0,0,0,0,1,1.979,2.395,-0.591
1,2,female,36.0,0,0,13.0,S,woman,D,True,1,0,0,Adult,13.0,Mid,1,1,0,0,1,2.639,0.519,-0.427
1,3,female,31.0,1,1,20.525,S,woman,Unknown,False,3,1,0,Adult,6.841666666666666,High,0,1,0,0,1,3.069,0.143,-0.244
1,1,female,16.0,0,1,57.9792,C,woman,B,False,2,1,1,Teen,28.9896,Premium,1,1,1,0,0,4.077,-0.983,0.665
1,3,female,21.5,2,0,23.25,Q,woman,Unknown,False,3,1,0,Adult,7.75,High,0,1,0,1,0,3.188,-0.57,-0.178
0,1,male,45.5,0,0,28.5,S,man,C,True,1,0,0,Adult,28.5,High,1,0,0,0,1,3.384,1.232,-0.051
0,1,male,38.0,0,1,153.4625,S,man,C,False,2,1,0,Adult,76.73125,Premium,1,0,0,0,1,5.04,0.669,2.984
0,3,male,16.0,2,0,18.0,S,man,Unknown,False,3,1,1,Teen,6.0,High,0,0,0,0,1,2.944,-0.983,-0.306
1,1,female,35.0,1,0,133.65,S,woman,Unknown,False,2,1,0,Adult,66.825,Premium,0,1,0,0,1,4.903,0.444,2.503
0,3,male,25.0,0,0,7.8958,S,man,Unknown,True,1,0,0,Adult,7.8958,Low,0,0,0,0,1,2.186,-0.307,-0.551
0,1,male,29.0,1,0,66.6,S,man,C,False,2,1,0,Adult,33.3,Premium,1,0,0,0,1,4.214,-0.007,0.875
1,1,female,41.0,0,0,134.5,C,woman,E,True,1,0,0,Adult,134.5,Premium,1,1,1,0,0,4.909,0.894,2.524
1,3,male,45.0,0,0,8.05,S,man,Unknown,True,1,0,0,Adult,8.05,Mid,0,0,0,0,1,2.203,1.194,-0.547
0,1,male,45.0,0,0,35.5,S,man,Unknown,True,1,0,0,Adult,35.5,Premium,0,0,0,0,1,3.597,1.194,0.119
1,2,male,2.0,1,1,26.0,S,child,F,False,3,1,1,Child,8.666666666666666,High,1,0,0,0,1,3.296,-2.034,-0.111
1,1,female,24.0,3,2,263.0,S,woman,C,False,6,1,0,Adult,43.833333333333336,Premium,1,1,0,0,1,5.576,-0.382,5.644
0,2,male,28.0,0,0,13.0,S,man,Unknown,True,1,0,0,Adult,13.0,Mid,0,0,0,0,1,2.639,-0.082,-0.427
0,2,male,25.0,0,0,13.0,S,man,Unknown,True,1,0,0,Adult,13.0,Mid,0,0,0,0,1,2.639,-0.307,-0.427
0,2,male,36.0,0,0,13.0,S,man,Unknown,True,1,0,0,Adult,13.0,Mid,0,0,0,0,1,2.639,0.519,-0.427
1,2,female,24.0,0,0,13.0,S,woman,F,True,1,0,0,Adult,13.0,Mid,1,1,0,0,1,2.639,-0.382,-0.427
1,2,female,40.0,0,0,13.0,S,woman,Unknown,True,1,0,0,Adult,13.0,Mid,0,1,0,0,1,2.639,0.819,-0.427
1,3,female,21.5,1,0,16.1,S,woman,Unknown,False,2,1,0,Adult,8.05,High,0,1,0,0,1,2.839,-0.57,-0.352
1,3,male,3.0,1,1,15.9,S,child,Unknown,False,3,1,1,Child,5.3,High,0,0,0,0,1,2.827,-1.959,-0.357
0,3,male,42.0,0,0,8.6625,S,man,Unknown,True,1,0,0,Adult,8.6625,Mid,0,0,0,0,1,2.268,0.969,-0.532
0,3,male,23.0,0,0,9.225,S,man,Unknown,True,1,0,0,Adult,9.225,Mid,0,0,0,0,1,2.325,-0.457,-0.519
0,1,male,40.0,0,0,35.0,S,man,C,True,1,0,0,Adult,35.0,Premium,1,0,0,0,1,3.584,0.819,0.107
0,3,male,15.0,1,1,7.2292,C,child,Unknown,False,3,1,1,Teen,2.409733333333333,Low,0,0,1,0,0,2.108,-1.058,-0.567
0,3,male,25.0,1,0,17.8,S,man,Unknown,False,2,1,0,Adult,8.9,High,0,0,0,0,1,2.934,-0.307,-0.31
0,3,male,25.0,0,0,7.225,C,man,Unknown,True,1,0,0,Adult,7.225,Low,0,0,1,0,0,2.107,-0.307,-0.567
0,3,male,28.0,0,0,9.5,S,man,Unknown,True,1,0,0,Adult,9.5,Mid,0,0,0,0,1,2.351,-0.082,-0.512
1,1,female,22.0,0,1,55.0,S,woman,E,False,2,1,0,Adult,27.5,Premium,1,1,0,0,1,4.025,-0.532,0.593
0,2,female,38.0,0,0,13.0,S,woman,Unknown,True,1,0,0,Adult,13.0,Mid,0,1,0,0,1,2.639,0.669,-0.427
1,3,female,21.5,0,0,7.8792,Q,woman,Unknown,True,1,0,0,Adult,7.8792,Low,0,1,0,1,0,2.184,-0.57,-0.551
1,3,female,21.5,0,0,7.8792,Q,woman,Unknown,True,1,0,0,Adult,7.8792,Low,0,1,0,1,0,2.184,-0.57,-0.551
0,3,male,40.0,1,4,27.9,S,man,Unknown,False,6,1,0,Adult,4.6499999999999995,High,0,0,0,0,1,3.364,0.819,-0.065
0,2,male,29.0,1,0,27.7208,C,man,Unknown,False,2,1,0,Adult,13.8604,High,0,0,1,0,0,3.358,-0.007,-0.069
0,3,female,45.0,0,1,14.4542,C,woman,Unknown,False,2,1,0,Adult,7.2271,Mid,0,1,1,0,0,2.738,1.194,-0.392
0,3,male,35.0,0,0,7.05,S,man,Unknown,True,1,0,0,Adult,7.05,Low,0,0,0,0,1,2.086,0.444,-0.571
0,3,male,25.0,1,0,15.5,Q,man,Unknown,False,2,1,0,Adult,7.75,High,0,0,0,1,0,2.803,-0.307,-0.366
0,3,male,30.0,0,0,7.25,S,man,Unknown,True,1,0,0,Adult,7.25,Low,0,0,0,0,1,2.11,0.068,-0.567
1,1,female,60.0,1,0,75.25,C,woman,D,False,2,1,0,Senior,37.625,Premium,1,1,1,0,0,4.334,2.32,1.085
1,3,female,21.5,0,0,7.2292,C,woman,Unknown,True,1,0,0,Adult,7.2292,Low,0,1,1,0,0,2.108,-0.57,-0.567
1,3,female,21.5,0,0,7.75,Q,woman,Unknown,True,1,0,0,Adult,7.75,Low,0,1,0,1,0,2.169,-0.57,-0.554
1,1,female,24.0,0,0,69.3,C,woman,B,True,1,0,0,Adult,69.3,Premium,1,1,1,0,0,4.253,-0.382,0.94
1,1,male,25.0,1,0,55.4417,C,man,E,False,2,1,0,Adult,27.72085,Premium,1,0,1,0,0,4.033,-0.307,0.604
0,3,male,18.0,1,0,6.4958,S,man,Unknown,False,2,1,0,Adult,3.2479,Low,0,0,0,0,1,2.014,-0.833,-0.585
0,3,male,19.0,0,0,8.05,S,man,Unknown,True,1,0,0,Adult,8.05,Mid,0,0,0,0,1,2.203,-0.758,-0.547
0,1,male,22.0,0,0,135.6333,C,man,Unknown,True,1,0,0,Adult,135.6333,Premium,0,0,1,0,0,4.917,-0.532,2.551
0,3,female,3.0,3,1,21.075,S,child,Unknown,False,5,1,1,Child,4.215,High,0,1,0,0,1,3.094,-1.959,-0.231
1,1,female,35.0,1,0,82.1708,C,woman,Unknown,False,2,1,0,Adult,41.0854,Premium,0,1,1,0,0,4.421,0.444,1.253
1,3,female,22.0,0,0,7.25,S,woman,Unknown,True,1,0,0,Adult,7.25,Low,0,1,0,0,1,2.11,-0.532,-0.567
0,1,male,27.0,0,2,211.5,C,man,C,False,3,1,0,Adult,70.5,Premium,1,0,1,0,0,5.359,-0.157,4.394
0,3,male,20.0,0,0,4.0125,C,man,Unknown,True,1,0,0,Adult,4.0125,Low,0,0,1,0,0,1.612,-0.682,-0.645
0,3,male,19.0,0,0,7.775,S,man,Unknown,True,1,0,0,Adult,7.775,Low,0,0,0,0,1,2.172,-0.758,-0.554
1,1,female,42.0,0,0,227.525,C,woman,Unknown,True,1,0,0,Adult,227.525,Premium,0,1,1,0,0,5.432,0.969,4.783
1,3,female,1.0,0,2,15.7417,C,child,Unknown,False,3,1,1,Child,5.247233333333333,High,0,1,1,0,0,2.818,-2.109,-0.36
0,3,male,32.0,0,0,7.925,S,man,Unknown,True,1,0,0,Adult,7.925,Mid,0,0,0,0,1,2.189,0.218,-0.55
1,1,female,35.0,1,0,52.0,S,woman,Unknown,False,2,1,0,Adult,26.0,Premium,0,1,0,0,1,3.97,0.444,0.52
0,3,male,25.0,0,0,7.8958,S,man,Unknown,True,1,0,0,Adult,7.8958,Low,0,0,0,0,1,2.186,-0.307,-0.551
0,2,male,18.0,0,0,73.5,S,man,Unknown,True,1,0,0,Adult,73.5,Premium,0,0,0,0,1,4.311,-0.833,1.042
0,3,male,1.0,5,2,46.9,S,child,Unknown,False,8,1,1,Child,5.8625,Premium,0,0,0,0,1,3.869,-2.109,0.396
1,2,female,36.0,0,0,13.0,S,woman,Unknown,True,1,0,0,Adult,13.0,Mid,0,1,0,0,1,2.639,0.519,-0.427
0,3,male,25.0,0,0,7.7292,Q,man,Unknown,True,1,0,0,Adult,7.7292,Low,0,0,0,1,0,2.167,-0.307,-0.555
1,2,female,17.0,0,0,12.0,C,woman,Unknown,True,1,0,1,Teen,12.0,Mid,0,1,1,0,0,2.565,-0.908,-0.451
1,1,male,36.0,1,2,120.0,S,man,B,False,4,1,0,Adult,30.0,Premium,1,0,0,0,1,4.796,0.519,2.172
1,3,male,21.0,0,0,7.7958,S,man,Unknown,True,1,0,0,Adult,7.7958,Low,0,0,0,0,1,2.174,-0.607,-0.553
0,3,male,28.0,2,0,7.925,S,man,Unknown,False,3,1,0,Adult,2.6416666666666666,Mid,0,0,0,0,1,2.189,-0.082,-0.55
1,1,female,23.0,1,0,113.275,C,woman,D,False,2,1,0,Adult,56.6375,Premium,1,1,1,0,0,4.739,-0.457,2.008
1,3,female,24.0,0,2,16.7,S,woman,G,False,3,1,0,Adult,5.566666666666666,High,1,1,0,0,1,2.874,-0.382,-0.337
0,3,male,22.0,0,0,7.7958,S,man,Unknown,True,1,0,0,Adult,7.7958,Low,0,0,0,0,1,2.174,-0.532,-0.553
0,3,female,31.0,0,0,7.8542,S,woman,Unknown,True,1,0,0,Adult,7.8542,Low,0,1,0,0,1,2.181,0.143,-0.552
0,2,male,46.0,0,0,26.0,S,man,Unknown,True,1,0,0,Adult,26.0,High,0,0,0,0,1,3.296,1.269,-0.111
0,2,male,23.0,0,0,10.5,S,man,Unknown,True,1,0,0,Adult,10.5,Mid,0,0,0,0,1,2.442,-0.457,-0.488
1,2,female,28.0,0,0,12.65,S,woman,Unknown,True,1,0,0,Adult,12.65,Mid,0,1,0,0,1,2.614,-0.082,-0.435
1,3,male,39.0,0,0,7.925,S,man,Unknown,True,1,0,0,Adult,7.925,Mid,0,0,0,0,1,2.189,0.744,-0.55
0,3,male,26.0,0,0,8.05,S,man,Unknown,True,1,0,0,Adult,8.05,Mid,0,0,0,0,1,2.203,-0.232,-0.547
0,3,female,21.0,1,0,9.825,S,woman,Unknown,False,2,1,0,Adult,4.9125,Mid,0,1,0,0,1,2.382,-0.607,-0.504
0,3,male,28.0,1,0,15.85,S,man,Unknown,False,2,1,0,Adult,7.925,High,0,0,0,0,1,2.824,-0.082,-0.358
0,3,female,20.0,0,0,8.6625,S,woman,Unknown,True,1,0,0,Adult,8.6625,Mid,0,1,0,0,1,2.268,-0.682,-0.532
0,2,male,34.0,1,0,21.0,S,man,Unknown,False,2,1,0,Adult,10.5,High,0,0,0,0,1,3.091,0.368,-0.233
0,3,male,51.0,0,0,7.75,S,man,Unknown,True,1,0,0,Adult,7.75,Low,0,0,0,0,1,2.169,1.645,-0.554
1,2,male,3.0,1,1,18.75,S,child,Unknown,False,3,1,1,Child,6.25,High,0,0,0,0,1,2.983,-1.959,-0.287
0,3,male,21.0,0,0,7.775,S,man,Unknown,True,1,0,0,Adult,7.775,Low,0,0,0,0,1,2.172,-0.607,-0.554
0,3,female,21.5,3,1,25.4667,S,woman,Unknown,False,5,1,0,Adult,5.0933399999999995,High,0,1,0,0,1,3.276,-0.57,-0.124
0,3,male,25.0,0,0,7.8958,S,man,Unknown,True,1,0,0,Adult,7.8958,Low,0,0,0,0,1,2.186,-0.307,-0.551
0,3,male,25.0,0,0,6.8583,Q,man,Unknown,True,1,0,0,Adult,6.8583,Low,0,0,0,1,0,2.062,-0.307,-0.576
1,1,female,33.0,1,0,90.0,Q,woman,C,False,2,1,0,Adult,45.0,Premium,1,1,0,1,0,4.511,0.293,1.443
0,2,male,30.0,0,0,0.0,S,man,Unknown,True,1,0,0,Adult,0.0,Low,0,0,0,0,1,0.0,0.068,-0.743
1,3,male,44.0,0,0,7.925,S,man,Unknown,True,1,0,0,Adult,7.925,Mid,0,0,0,0,1,2.189,1.119,-0.55
0,3,female,21.5,0,0,8.05,S,woman,Unknown,True,1,0,0,Adult,8.05,Mid,0,1,0,0,1,2.203,-0.57,-0.547
1,2,female,34.0,1,1,32.5,S,woman,Unknown,False,3,1,0,Adult,10.833333333333334,Premium,0,1,0,0,1,3.512,0.368,0.047
1,2,female,18.0,0,2,13.0,S,woman,Unknown,False,3,1,0,Adult,4.333333333333333,Mid,0,1,0,0,1,2.639,-0.833,-0.427
0,2,male,30.0,0,0,13.0,S,man,Unknown,True,1,0,0,Adult,13.0,Mid,0,0,0,0,1,2.639,0.068,-0.427
0,3,female,10.0,0,2,24.15,S,child,Unknown,False,3,1,1,Child,8.049999999999999,High,0,1,0,0,1,3.225,-1.433,-0.156
0,3,male,25.0,0,0,7.8958,C,man,Unknown,True,1,0,0,Adult,7.8958,Low,0,0,1,0,0,2.186,-0.307,-0.551
0,3,male,21.0,0,0,7.7333,Q,man,Unknown,True,1,0,0,Adult,7.7333,Low,0,0,0,1,0,2.167,-0.607,-0.555
0,3,male,29.0,0,0,7.875,S,man,Unknown,True,1,0,0,Adult,7.875,Low,0,0,0,0,1,2.183,-0.007,-0.551
0,3,female,28.0,1,1,14.4,S,woman,Unknown,False,3,1,0,Adult,4.8,Mid,0,1,0,0,1,2.734,-0.082,-0.393
0,3,male,18.0,1,1,20.2125,S,man,Unknown,False,3,1,0,Adult,6.7375,High,0,0,0,0,1,3.055,-0.833,-0.252
0,3,male,25.0,0,0,7.25,S,man,Unknown,True,1,0,0,Adult,7.25,Low,0,0,0,0,1,2.11,-0.307,-0.567
1,2,female,28.0,1,0,26.0,S,woman,Unknown,False,2,1,0,Adult,13.0,High,0,1,0,0,1,3.296,-0.082,-0.111
1,2,female,19.0,0,0,26.0,S,woman,Unknown,True,1,0,0,Adult,26.0,High,0,1,0,0,1,3.296,-0.758,-0.111
0,3,male,25.0,0,0,7.75,Q,man,Unknown,True,1,0,0,Adult,7.75,Low,0,0,0,1,0,2.169,-0.307,-0.554
1,3,male,32.0,0,0,8.05,S,man,E,True,1,0,0,Adult,8.05,Mid,1,0,0,0,1,2.203,0.218,-0.547
1,1,male,28.0,0,0,26.55,S,man,C,True,1,0,0,Adult,26.55,High,1,0,0,0,1,3.316,-0.082,-0.098
1,3,female,21.5,1,0,16.1,S,woman,Unknown,False,2,1,0,Adult,8.05,High,0,1,0,0,1,2.839,-0.57,-0.352
1,2,female,42.0,1,0,26.0,S,woman,Unknown,False,2,1,0,Adult,13.0,High,0,1,0,0,1,3.296,0.969,-0.111
0,3,male,17.0,0,0,7.125,S,man,Unknown,True,1,0,1,Teen,7.125,Low,0,0,0,0,1,2.095,-0.908,-0.57
0,1,male,50.0,1,0,55.9,S,man,E,False,2,1,0,Adult,27.95,Premium,1,0,0,0,1,4.041,1.569,0.615
1,1,female,14.0,1,2,120.0,S,child,B,False,4,1,1,Teen,30.0,Premium,1,1,0,0,1,4.796,-1.133,2.172
0,3,female,21.0,2,2,34.375,S,woman,Unknown,False,5,1,0,Adult,6.875,Premium,0,1,0,0,1,3.566,-0.607,0.092
1,2,female,24.0,2,3,18.75,S,woman,Unknown,False,6,1,0,Adult,3.125,High,0,1,0,0,1,2.983,-0.382,-0.287
0,1,male,64.0,1,4,263.0,S,man,C,False,6,1,0,Senior,43.833333333333336,Premium,1,0,0,0,1,5.576,2.62,5.644
0,2,male,31.0,0,0,10.5,S,man,Unknown,True,1,0,0,Adult,10.5,Mid,0,0,0,0,1,2.442,0.143,-0.488
1,2,female,45.0,1,1,26.25,S,woman,Unknown,False,3,1,0,Adult,8.75,High,0,1,0,0,1,3.305,1.194,-0.105
0,3,male,20.0,0,0,9.5,S,man,Unknown,True,1,0,0,Adult,9.5,Mid,0,0,0,0,1,2.351,-0.682,-0.512
0,3,male,25.0,1,0,7.775,S,man,Unknown,False,2,1,0,Adult,3.8875,Low,0,0,0,0,1,2.172,-0.307,-0.554
1,2,female,28.0,0,0,13.0,S,woman,Unknown,True,1,0,0,Adult,13.0,Mid,0,1,0,0,1,2.639,-0.082,-0.427
1,3,male,25.0,0,0,8.1125,S,man,Unknown,True,1,0,0,Adult,8.1125,Mid,0,0,0,0,1,2.21,-0.307,-0.546
1,1,male,4.0,0,2,81.8583,S,child,A,False,3,1,1,Child,27.2861,Premium,1,0,0,0,1,4.417,-1.883,1.245
1,2,female,13.0,0,1,19.5,S,child,Unknown,False,2,1,1,Teen,9.75,High,0,1,0,0,1,3.02,-1.208,-0.269
1,1,male,34.0,0,0,26.55,S,man,Unknown,True,1,0,0,Adult,26.55,High,0,0,0,0,1,3.316,0.368,-0.098
1,3,female,5.0,2,1,19.2583,C,child,Unknown,False,4,1,1,Child,4.814575,High,0,1,1,0,0,3.009,-1.808,-0.275
1,1,male,52.0,0,0,30.5,S,man,C,True,1,0,0,Adult,30.5,High,1,0,0,0,1,3.45,1.72,-0.002
0,2,male,36.0,1,2,27.75,S,man,Unknown,False,4,1,0,Adult,6.9375,High,0,0,0,0,1,3.359,0.519,-0.069
0,3,male,25.0,1,0,19.9667,S,man,Unknown,False,2,1,0,Adult,9.98335,High,0,0,0,0,1,3.043,-0.307,-0.258
0,1,male,30.0,0,0,27.75,C,man,C,True,1,0,0,Adult,27.75,High,1,0,1,0,0,3.359,0.068,-0.069
1,1,male,49.0,1,0,89.1042,C,man,C,False,2,1,0,Adult,44.5521,Premium,1,0,1,0,0,4.501,1.494,1.421
0,3,male,25.0,0,0,8.05,S,man,Unknown,True,1,0,0,Adult,8.05,Mid,0,0,0,0,1,2.203,-0.307,-0.547
1,3,male,29.0,0,0,7.8958,C,man,Unknown,True,1,0,0,Adult,7.8958,Low,0,0,1,0,0,2.186,-0.007,-0.551
0,1,male,65.0,0,0,26.55,S,man,E,True,1,0,0,Senior,26.55,High,1,0,0,0,1,3.316,2.695,-0.098
1,1,female,35.0,1,0,51.8625,S,woman,D,False,2,1,0,Adult,25.93125,Premium,1,1,0,0,1,3.968,0.444,0.517
1,2,female,50.0,0,0,10.5,S,woman,Unknown,True,1,0,0,Adult,10.5,Mid,0,1,0,0,1,2.442,1.569,-0.488
0,3,male,25.0,0,0,7.75,Q,man,Unknown,True,1,0,0,Adult,7.75,Low,0,0,0,1,0,2.169,-0.307,-0.554
1,1,male,48.0,0,0,26.55,S,man,E,True,1,0,0,Adult,26.55,High,1,0,0,0,1,3.316,1.419,-0.098
0,3,male,34.0,0,0,8.05,S,man,Unknown,True,1,0,0,Adult,8.05,Mid,0,0,0,0,1,2.203,0.368,-0.547
0,1,male,47.0,0,0,38.5,S,man,E,True,1,0,0,Adult,38.5,Premium,1,0,0,0,1,3.676,1.344,0.192
0,2,male,48.0,0,0,13.0,S,man,Unknown,True,1,0,0,Adult,13.0,Mid,0,0,0,0,1,2.639,1.419,-0.427
0,3,male,25.0,0,0,8.05,S,man,Unknown,True,1,0,0,Adult,8.05,Mid,0,0,0,0,1,2.203,-0.307,-0.547
0,3,male,38.0,0,0,7.05,S,man,Unknown,True,1,0,0,Adult,7.05,Low,0,0,0,0,1,2.086,0.669,-0.571
0,2,male,30.0,0,0,0.0,S,man,Unknown,True,1,0,0,Adult,0.0,Low,0,0,0,0,1,0.0,0.068,-0.743
0,1,male,56.0,0,0,26.55,S,man,Unknown,True,1,0,0,Adult,26.55,High,0,0,0,0,1,3.316,2.02,-0.098
0,3,male,25.0,0,0,7.725,Q,man,Unknown,True,1,0,0,Adult,7.725,Low,0,0,0,1,0,2.166,-0.307,-0.555
1,3,female,0.75,2,1,19.2583,C,child,Unknown,False,4,1,1,Child,4.814575,High,0,1,1,0,0,3.009,-2.127,-0.275
0,3,male,25.0,0,0,7.25,S,man,Unknown,True,1,0,0,Adult,7.25,Low,0,0,0,0,1,2.11,-0.307,-0.567
0,3,male,38.0,0,0,8.6625,S,man,Unknown,True,1,0,0,Adult,8.6625,Mid,0,0,0,0,1,2.268,0.669,-0.532
1,2,female,33.0,1,2,27.75,S,woman,Unknown,False,4,1,0,Adult,6.9375,High,0,1,0,0,1,3.359,0.293,-0.069
1,2,female,23.0,0,0,13.7917,C,woman,D,True,1,0,0,Adult,13.7917,Mid,1,1,1,0,0,2.694,-0.457,-0.408
0,3,female,22.0,0,0,9.8375,S,woman,Unknown,True,1,0,0,Adult,9.8375,Mid,0,1,0,0,1,2.383,-0.532,-0.504
0,1,male,40.0,0,0,52.0,S,man,A,True,1,0,0,Adult,52.0,Premium,1,0,0,0,1,3.97,0.819,0.52
0,2,male,34.0,1,0,21.0,S,man,Unknown,False,2,1,0,Adult,10.5,High,0,0,0,0,1,3.091,0.368,-0.233
0,3,male,29.0,1,0,7.0458,S,man,Unknown,False,2,1,0,Adult,3.5229,Low,0,0,0,0,1,2.085,-0.007,-0.572
0,3,male,22.0,0,0,7.5208,S,man,Unknown,True,1,0,0,Adult,7.5208,Low,0,0,0,0,1,2.143,-0.532,-0.56
1,3,female,2.0,0,1,12.2875,S,child,Unknown,False,2,1,1,Child,6.14375,Mid,0,1,0,0,1,2.587,-2.034,-0.444
0,3,male,9.0,5,2,46.9,S,child,Unknown,False,8,1,1,Child,5.8625,Premium,0,0,0,0,1,3.869,-1.508,0.396
0,2,male,30.0,0,0,0.0,S,man,Unknown,True,1,0,0,Adult,0.0,Low,0,0,0,0,1,0.0,0.068,-0.743
0,3,male,50.0,0,0,8.05,S,man,Unknown,True,1,0,0,Adult,8.05,Mid,0,0,0,0,1,2.203,1.569,-0.547
1,3,female,63.0,0,0,9.5875,S,woman,Unknown,True,1,0,0,Senior,9.5875,Mid,0,1,0,0,1,2.36,2.545,-0.51
1,1,male,25.0,1,0,91.0792,C,man,B,False,2,1,0,Adult,45.5396,Premium,1,0,1,0,0,4.523,-0.307,1.469
0,3,female,21.5,3,1,25.4667,S,woman,Unknown,False,5,1,0,Adult,5.0933399999999995,High,0,1,0,0,1,3.276,-0.57,-0.124
1,1,female,35.0,1,0,90.0,S,woman,C,False,2,1,0,Adult,45.0,Premium,1,1,0,0,1,4.511,0.444,1.443
0,1,male,58.0,0,0,29.7,C,man,B,True,1,0,0,Adult,29.7,High,1,0,1,0,0,3.424,2.17,-0.021
0,3,male,30.0,0,0,8.05,S,man,Unknown,True,1,0,0,Adult,8.05,Mid,0,0,0,0,1,2.203,0.068,-0.547
1,3,male,9.0,1,1,15.9,S,child,Unknown,False,3,1,1,Child,5.3,High,0,0,0,0,1,2.827,-1.508,-0.357
0,3,male,25.0,1,0,19.9667,S,man,Unknown,False,2,1,0,Adult,9.98335,High,0,0,0,0,1,3.043,-0.307,-0.258
0,3,male,21.0,0,0,7.25,S,man,Unknown,True,1,0,0,Adult,7.25,Low,0,0,0,0,1,2.11,-0.607,-0.567
0,1,male,55.0,0,0,30.5,S,man,C,True,1,0,0,Adult,30.5,High,1,0,0,0,1,3.45,1.945,-0.002
0,1,male,71.0,0,0,49.5042,C,man,Unknown,True,1,0,0,Senior,49.5042,Premium,0,0,1,0,0,3.922,3.146,0.46
0,3,male,21.0,0,0,8.05,S,man,Unknown,True,1,0,0,Adult,8.05,Mid,0,0,0,0,1,2.203,-0.607,-0.547
0,3,male,25.0,0,0,14.4583,C,man,Unknown,True,1,0,0,Adult,14.4583,High,0,0,1,0,0,2.738,-0.307,-0.392
1,1,female,54.0,1,0,78.2667,C,woman,D,False,2,1,0,Adult,39.13335,Premium,1,1,1,0,0,4.373,1.87,1.158
0,3,male,25.0,0,0,15.1,S,man,Unknown,True,1,0,0,Adult,15.1,High,0,0,0,0,1,2.779,-0.307,-0.376
0,1,female,25.0,1,2,151.55,S,woman,C,False,4,1,0,Adult,37.8875,Premium,1,1,0,0,1,5.027,-0.307,2.938
0,3,male,24.0,0,0,7.7958,S,man,Unknown,True,1,0,0,Adult,7.7958,Low,0,0,0,0,1,2.174,-0.382,-0.553
0,3,male,17.0,0,0,8.6625,S,man,Unknown,True,1,0,1,Teen,8.6625,Mid,0,0,0,0,1,2.268,-0.908,-0.532
0,3,female,21.0,0,0,7.75,Q,woman,Unknown,True,1,0,0,Adult,7.75,Low,0,1,0,1,0,2.169,-0.607,-0.554
0,3,female,21.5,0,0,7.6292,Q,woman,Unknown,True,1,0,0,Adult,7.6292,Low,0,1,0,1,0,2.155,-0.57,-0.557
0,3,female,37.0,0,0,9.5875,S,woman,Unknown,True,1,0,0,Adult,9.5875,Mid,0,1,0,0,1,2.36,0.594,-0.51
1,1,female,16.0,0,0,86.5,S,woman,B,True,1,0,1,Teen,86.5,Premium,1,1,0,0,1,4.472,-0.983,1.358
0,1,male,18.0,1,0,108.9,C,man,C,False,2,1,0,Adult,54.45,Premium,1,0,1,0,0,4.7,-0.833,1.902
1,2,female,33.0,0,2,26.0,S,woman,Unknown,False,3,1,0,Adult,8.666666666666666,High,0,1,0,0,1,3.296,0.293,-0.111
1,1,male,40.0,0,0,26.55,S,man,Unknown,True,1,0,0,Adult,26.55,High,0,0,0,0,1,3.316,0.819,-0.098
0,3,male,28.0,0,0,22.525,S,man,Unknown,True,1,0,0,Adult,22.525,High,0,0,0,0,1,3.158,-0.082,-0.196
1,3,male,26.0,0,0,56.4958,S,man,Unknown,True,1,0,0,Adult,56.4958,Premium,0,0,0,0,1,4.052,-0.232,0.629
1,3,male,29.0,0,0,7.75,Q,man,Unknown,True,1,0,0,Adult,7.75,Low,0,0,0,1,0,2.169,-0.007,-0.554
0,3,male,25.0,0,0,8.05,S,man,Unknown,True,1,0,0,Adult,8.05,Mid,0,0,0,0,1,2.203,-0.307,-0.547
1,1,male,36.0,0,0,26.2875,S,man,E,True,1,0,0,Adult,26.2875,High,1,0,0,0,1,3.306,0.519,-0.104
1,1,female,54.0,1,0,59.4,C,woman,Unknown,False,2,1,0,Adult,29.7,Premium,0,1,1,0,0,4.101,1.87,0.7
0,3,male,24.0,0,0,7.4958,S,man,Unknown,True,1,0,0,Adult,7.4958,Low,0,0,0,0,1,2.14,-0.382,-0.561
0,1,male,47.0,0,0,34.0208,S,man,D,True,1,0,0,Adult,34.0208,Premium,1,0,0,0,1,3.556,1.344,0.084
1,2,female,34.0,0,0,10.5,S,woman,F,True,1,0,0,Adult,10.5,Mid,1,1,0,0,1,2.442,0.368,-0.488
0,3,male,25.0,0,0,24.15,Q,man,Unknown,True,1,0,0,Adult,24.15,High,0,0,0,1,0,3.225,-0.307,-0.156
1,2,female,36.0,1,0,26.0,S,woman,Unknown,False,2,1,0,Adult,13.0,High,0,1,0,0,1,3.296,0.519,-0.111
0,3,male,32.0,0,0,7.8958,S,man,Unknown,True,1,0,0,Adult,7.8958,Low,0,0,0,0,1,2.186,0.218,-0.551
1,1,female,30.0,0,0,93.5,S,woman,B,True,1,0,0,Adult,93.5,Premium,1,1,0,0,1,4.549,0.068,1.528
0,3,male,22.0,0,0,7.8958,S,man,Unknown,True,1,0,0,Adult,7.8958,Low,0,0,0,0,1,2.186,-0.532,-0.551
0,3,male,25.0,0,0,7.225,C,man,Unknown,True,1,0,0,Adult,7.225,Low,0,0,1,0,0,2.107,-0.307,-0.567
1,1,female,44.0,0,1,57.9792,C,woman,B,False,2,1,0,Adult,28.9896,Premium,1,1,1,0,0,4.077,1.119,0.665
0,3,male,25.0,0,0,7.2292,C,man,Unknown,True,1,0,0,Adult,7.2292,Low,0,0,1,0,0,2.108,-0.307,-0.567
0,3,male,40.5,0,0,7.75,Q,man,Unknown,True,1,0,0,Adult,7.75,Low,0,0,0,1,0,2.169,0.856,-0.554
1,2,female,50.0,0,0,10.5,S,woman,Unknown,True,1,0,0,Adult,10.5,Mid,0,1,0,0,1,2.442,1.569,-0.488
0,1,male,40.0,0,0,221.7792,S,man,C,True,1,0,0,Adult,221.7792,Premium,1,0,0,0,1,5.406,0.819,4.643
0,3,male,39.0,0,0,7.925,S,man,Unknown,True,1,0,0,Adult,7.925,Mid,0,0,0,0,1,2.189,0.744,-0.55
0,2,male,23.0,2,1,11.5,S,man,Unknown,False,4,1,0,Adult,2.875,Mid,0,0,0,0,1,2.526,-0.457,-0.463
1,2,female,2.0,1,1,26.0,S,child,Unknown,False,3,1,1,Child,8.666666666666666,High,0,1,0,0,1,3.296,-2.034,-0.111
0,3,male,25.0,0,0,7.2292,C,man,Unknown,True,1,0,0,Adult,7.2292,Low,0,0,1,0,0,2.108,-0.307,-0.567
0,3,male,17.0,1,1,7.2292,C,man,Unknown,False,3,1,1,Teen,2.409733333333333,Low,0,0,1,0,0,2.108,-0.908,-0.567
1,3,female,21.5,0,2,22.3583,C,woman,Unknown,False,3,1,0,Adult,7.452766666666666,High,0,1,1,0,0,3.151,-0.57,-0.2
0,3,female,30.0,0,0,8.6625,S,woman,Unknown,True,1,0,0,Adult,8.6625,Mid,0,1,0,0,1,2.268,0.068,-0.532
1,2,female,7.0,0,2,26.25,S,child,Unknown,False,3,1,1,Child,8.75,High,0,1,0,0,1,3.305,-1.658,-0.105
0,1,male,45.0,0,0,26.55,S,man,B,True,1,0,0,Adult,26.55,High,1,0,0,0,1,3.316,1.194,-0.098
1,1,female,30.0,0,0,106.425,C,woman,Unknown,True,1,0,0,Adult,106.425,Premium,0,1,1,0,0,4.677,0.068,1.842
0,3,male,25.0,0,0,14.5,S,man,Unknown,True,1,0,0,Adult,14.5,High,0,0,0,0,1,2.741,-0.307,-0.391
1,1,female,22.0,0,2,49.5,C,woman,B,False,3,1,0,Adult,16.5,Premium,1,1,1,0,0,3.922,-0.532,0.459
1,1,female,36.0,0,2,71.0,S,woman,B,False,3,1,0,Adult,23.666666666666668,Premium,1,1,0,0,1,4.277,0.519,0.982
0,3,female,9.0,4,2,31.275,S,child,Unknown,False,7,1,1,Child,4.4678571428571425,Premium,0,1,0,0,1,3.474,-1.508,0.017
0,3,female,11.0,4,2,31.275,S,child,Unknown,False,7,1,1,Child,4.4678571428571425,Premium,0,1,0,0,1,3.474,-1.358,0.017
1,2,male,32.0,1,0,26.0,S,man,Unknown,False,2,1,0,Adult,13.0,High,0,0,0,0,1,3.296,0.218,-0.111
0,1,male,50.0,1,0,106.425,C,man,C,False,2,1,0,Adult,53.2125,Premium,1,0,1,0,0,4.677,1.569,1.842
0,1,male,64.0,0,0,26.0,S,man,Unknown,True,1,0,0,Senior,26.0,High,0,0,0,0,1,3.296,2.62,-0.111
1,2,female,19.0,1,0,26.0,S,woman,Unknown,False,2,1,0,Adult,13.0,High,0,1,0,0,1,3.296,-0.758,-0.111
1,2,male,30.0,0,0,13.8625,C,man,Unknown,True,1,0,0,Adult,13.8625,Mid,0,0,1,0,0,2.699,0.068,-0.406
0,3,male,33.0,1,1,20.525,S,man,Unknown,False,3,1,0,Adult,6.841666666666666,High,0,0,0,0,1,3.069,0.293,-0.244
1,2,male,8.0,1,1,36.75,S,child,Unknown,False,3,1,1,Child,12.25,Premium,0,0,0,0,1,3.631,-1.583,0.15
1,1,male,17.0,0,2,110.8833,C,man,C,False,3,1,1,Teen,36.9611,Premium,1,0,1,0,0,4.717,-0.908,1.95
0,2,male,27.0,0,0,26.0,S,man,Unknown,True,1,0,0,Adult,26.0,High,0,0,0,0,1,3.296,-0.157,-0.111
0,3,male,25.0,0,0,7.8292,Q,man,Unknown,True,1,0,0,Adult,7.8292,Low,0,0,0,1,0,2.178,-0.307,-0.553
1,3,male,22.0,0,0,7.225,C,man,Unknown,True,1,0,0,Adult,7.225,Low,0,0,1,0,0,2.107,-0.532,-0.567
1,3,female,22.0,0,0,7.775,S,woman,Unknown,True,1,0,0,Adult,7.775,Low,0,1,0,0,1,2.172,-0.532,-0.554
0,1,male,62.0,0,0,26.55,S,man,Unknown,True,1,0,0,Senior,26.55,High,0,0,0,0,1,3.316,2.47,-0.098
1,1,female,48.0,1,0,39.6,C,woman,A,False,2,1,0,Adult,19.8,Premium,1,1,1,0,0,3.704,1.419,0.219
0,1,male,40.0,0,0,227.525,C,man,Unknown,True,1,0,0,Adult,227.525,Premium,0,0,1,0,0,5.432,0.819,4.783
1,1,female,39.0,1,1,79.65,S,woman,E,False,3,1,0,Adult,26.55,Premium,1,1,0,0,1,4.39,0.744,1.192
1,3,female,36.0,1,0,17.4,S,woman,Unknown,False,2,1,0,Adult,8.7,High,0,1,0,0,1,2.912,0.519,-0.32
0,3,male,25.0,0,0,7.75,Q,man,Unknown,True,1,0,0,Adult,7.75,Low,0,0,0,1,0,2.169,-0.307,-0.554
0,3,male,40.0,0,0,7.8958,S,man,Unknown,True,1,0,0,Adult,7.8958,Low,0,0,0,0,1,2.186,0.819,-0.551
0,2,male,28.0,0,0,13.5,S,man,Unknown,True,1,0,0,Adult,13.5,Mid,0,0,0,0,1,2.674,-0.082,-0.415
0,3,male,25.0,0,0,8.05,S,man,Unknown,True,1,0,0,Adult,8.05,Mid,0,0,0,0,1,2.203,-0.307,-0.547
0,3,female,21.5,0,0,8.05,S,woman,Unknown,True,1,0,0,Adult,8.05,Mid,0,1,0,0,1,2.203,-0.57,-0.547
0,3,male,24.0,2,0,24.15,S,man,Unknown,False,3,1,0,Adult,8.049999999999999,High,0,0,0,0,1,3.225,-0.382,-0.156
0,3,male,19.0,0,0,7.8958,S,man,Unknown,True,1,0,0,Adult,7.8958,Low,0,0,0,0,1,2.186,-0.758,-0.551
0,3,female,29.0,0,4,21.075,S,woman,Unknown,False,5,1,0,Adult,4.215,High,0,1,0,0,1,3.094,-0.007,-0.231
0,3,male,25.0,0,0,7.2292,C,man,Unknown,True,1,0,0,Adult,7.2292,Low,0,0,1,0,0,2.108,-0.307,-0.567
1,3,male,32.0,0,0,7.8542,S,man,Unknown,True,1,0,0,Adult,7.8542,Low,0,0,0,0,1,2.181,0.218,-0.552
1,2,male,62.0,0,0,10.5,S,man,Unknown,True,1,0,0,Senior,10.5,Mid,0,0,0,0,1,2.442,2.47,-0.488
1,1,female,53.0,2,0,51.4792,S,woman,C,False,3,1,0,Adult,17.15973333333333,Premium,1,1,0,0,1,3.96,1.795,0.508
1,1,male,36.0,0,0,26.3875,S,man,E,True,1,0,0,Adult,26.3875,High,1,0,0,0,1,3.31,0.519,-0.102
1,3,female,21.5,0,0,7.75,Q,woman,Unknown,True,1,0,0,Adult,7.75,Low,0,1,0,1,0,2.169,-0.57,-0.554
0,3,male,16.0,0,0,8.05,S,man,Unknown,True,1,0,1,Teen,8.05,Mid,0,0,0,0,1,2.203,-0.983,-0.547
0,3,male,19.0,0,0,14.5,S,man,Unknown,True,1,0,0,Adult,14.5,High,0,0,0,0,1,2.741,-0.758,-0.391
1,2,female,34.0,0,0,13.0,S,woman,Unknown,True,1,0,0,Adult,13.0,Mid,0,1,0,0,1,2.639,0.368,-0.427
1,1,female,39.0,1,0,55.9,S,woman,E,False,2,1,0,Adult,27.95,Premium,1,1,0,0,1,4.041,0.744,0.615
0,3,female,21.5,1,0,14.4583,C,woman,Unknown,False,2,1,0,Adult,7.22915,High,0,1,1,0,0,2.738,-0.57,-0.392
1,3,male,32.0,0,0,7.925,S,man,Unknown,True,1,0,0,Adult,7.925,Mid,0,0,0,0,1,2.189,0.218,-0.55
1,2,female,25.0,1,1,30.0,S,woman,Unknown,False,3,1,0,Adult,10.0,High,0,1,0,0,1,3.434,-0.307,-0.014
1,1,female,39.0,1,1,110.8833,C,woman,C,False,3,1,0,Adult,36.9611,Premium,1,1,1,0,0,4.717,0.744,1.95
0,2,male,54.0,0,0,26.0,S,man,Unknown,True,1,0,0,Adult,26.0,High,0,0,0,0,1,3.296,1.87,-0.111
0,1,male,36.0,0,0,40.125,C,man,A,True,1,0,0,Adult,40.125,Premium,1,0,1,0,0,3.717,0.519,0.232
0,3,male,25.0,0,0,8.7125,C,man,Unknown,True,1,0,0,Adult,8.7125,Mid,0,0,1,0,0,2.273,-0.307,-0.531
1,1,female,18.0,0,2,79.65,S,woman,E,False,3,1,0,Adult,26.55,Premium,1,1,0,0,1,4.39,-0.833,1.192
0,2,male,47.0,0,0,15.0,S,man,Unknown,True,1,0,0,Adult,15.0,High,0,0,0,0,1,2.773,1.344,-0.378
1,1,male,60.0,1,1,79.2,C,man,B,False,3,1,0,Senior,26.400000000000002,Premium,1,0,1,0,0,4.385,2.32,1.181
0,3,male,22.0,0,0,8.05,S,man,Unknown,True,1,0,0,Adult,8.05,Mid,0,0,0,0,1,2.203,-0.532,-0.547
0,3,male,25.0,0,0,8.05,S,man,Unknown,True,1,0,0,Adult,8.05,Mid,0,0,0,0,1,2.203,-0.307,-0.547
0,3,male,35.0,0,0,7.125,S,man,Unknown,True,1,0,0,Adult,7.125,Low,0,0,0,0,1,2.095,0.444,-0.57
1,1,female,52.0,1,0,78.2667,C,woman,D,False,2,1,0,Adult,39.13335,Premium,1,1,1,0,0,4.373,1.72,1.158
0,3,male,47.0,0,0,7.25,S,man,Unknown,True,1,0,0,Adult,7.25,Low,0,0,0,0,1,2.11,1.344,-0.567
0,3,female,21.5,0,2,7.75,Q,woman,Unknown,False,3,1,0,Adult,2.5833333333333335,Low,0,1,0,1,0,2.169,-0.57,-0.554
0,2,male,37.0,1,0,26.0,S,man,Unknown,False,2,1,0,Adult,13.0,High,0,0,0,0,1,3.296,0.594,-0.111
0,3,male,36.0,1,1,24.15,S,man,Unknown,False,3,1,0,Adult,8.049999999999999,High,0,0,0,0,1,3.225,0.519,-0.156
1,2,female,28.0,0,0,33.0,S,woman,Unknown,True,1,0,0,Adult,33.0,Premium,0,1,0,0,1,3.526,-0.082,0.059
0,3,male,49.0,0,0,0.0,S,man,Unknown,True,1,0,0,Adult,0.0,Low,0,0,0,0,1,0.0,1.494,-0.743
0,3,male,25.0,0,0,7.225,C,man,Unknown,True,1,0,0,Adult,7.225,Low,0,0,1,0,0,2.107,-0.307,-0.567
1,1,male,49.0,1,0,56.9292,C,man,A,False,2,1,0,Adult,28.4646,Premium,1,0,1,0,0,4.059,1.494,0.64
1,2,female,24.0,2,1,27.0,S,woman,Unknown,False,4,1,0,Adult,6.75,High,0,1,0,0,1,3.332,-0.382,-0.087
0,3,male,25.0,0,0,7.8958,S,man,Unknown,True,1,0,0,Adult,7.8958,Low,0,0,0,0,1,2.186,-0.307,-0.551
0,1,male,40.0,0,0,42.4,S,man,Unknown,True,1,0,0,Adult,42.4,Premium,0,0,0,0,1,3.77,0.819,0.287
0,3,male,44.0,0,0,8.05,S,man,Unknown,True,1,0,0,Adult,8.05,Mid,0,0,0,0,1,2.203,1.119,-0.547
1,1,male,35.0,0,0,26.55,C,man,Unknown,True,1,0,0,Adult,26.55,High,0,0,1,0,0,3.316,0.444,-0.098
0,3,male,36.0,1,0,15.55,S,man,Unknown,False,2,1,0,Adult,7.775,High,0,0,0,0,1,2.806,0.519,-0.365
0,3,male,30.0,0,0,7.8958,S,man,Unknown,True,1,0,0,Adult,7.8958,Low,0,0,0,0,1,2.186,0.068,-0.551
1,1,male,27.0,0,0,30.5,S,man,Unknown,True,1,0,0,Adult,30.5,High,0,0,0,0,1,3.45,-0.157,-0.002
1,2,female,22.0,1,2,41.5792,C,woman,Unknown,False,4,1,0,Adult,10.3948,Premium,0,1,1,0,0,3.751,-0.532,0.267
1,1,female,40.0,0,0,153.4625,S,woman,C,True,1,0,0,Adult,153.4625,Premium,1,1,0,0,1,5.04,0.819,2.984
0,3,female,39.0,1,5,31.275,S,woman,Unknown,False,7,1,0,Adult,4.4678571428571425,Premium,0,1,0,0,1,3.474,0.744,0.017
0,3,male,25.0,0,0,7.05,S,man,Unknown,True,1,0,0,Adult,7.05,Low,0,0,0,0,1,2.086,-0.307,-0.571
1,3,female,21.5,1,0,15.5,Q,woman,Unknown,False,2,1,0,Adult,7.75,High,0,1,0,1,0,2.803,-0.57,-0.366
0,3,male,25.0,0,0,7.75,Q,man,Unknown,True,1,0,0,Adult,7.75,Low,0,0,0,1,0,2.169,-0.307,-0.554
0,3,male,35.0,0,0,8.05,S,man,Unknown,True,1,0,0,Adult,8.05,Mid,0,0,0,0,1,2.203,0.444,-0.547
1,2,female,24.0,1,2,65.0,S,woman,Unknown,False,4,1,0,Adult,16.25,Premium,0,1,0,0,1,4.19,-0.382,0.836
0,3,male,34.0,1,1,14.4,S,man,Unknown,False,3,1,0,Adult,4.8,Mid,0,0,0,0,1,2.734,0.368,-0.393
0,3,female,26.0,1,0,16.1,S,woman,Unknown,False,2,1,0,Adult,8.05,High,0,1,0,0,1,2.839,-0.232,-0.352
1,2,female,4.0,2,1,39.0,S,child,F,False,4,1,1,Child,9.75,Premium,1,1,0,0,1,3.689,-1.883,0.204
0,2,male,26.0,0,0,10.5,S,man,Unknown,True,1,0,0,Adult,10.5,Mid,0,0,0,0,1,2.442,-0.232,-0.488
0,3,male,27.0,1,0,14.4542,C,man,Unknown,False,2,1,0,Adult,7.2271,Mid,0,0,1,0,0,2.738,-0.157,-0.392
1,1,male,42.0,1,0,52.5542,S,man,D,False,2,1,0,Adult,26.2771,Premium,1,0,0,0,1,3.981,0.969,0.534
1,3,male,20.0,1,1,15.7417,C,man,Unknown,False,3,1,0,Adult,5.247233333333333,High,0,0,1,0,0,2.818,-0.682,-0.36
0,3,male,21.0,0,0,7.8542,S,man,Unknown,True,1,0,0,Adult,7.8542,Low,0,0,0,0,1,2.181,-0.607,-0.552
0,3,male,21.0,0,0,16.1,S,man,Unknown,True,1,0,0,Adult,16.1,High,0,0,0,0,1,2.839,-0.607,-0.352
0,1,male,61.0,0,0,32.3208,S,man,D,True,1,0,0,Senior,32.3208,Premium,1,0,0,0,1,3.506,2.395,0.042
0,2,male,57.0,0,0,12.35,Q,man,Unknown,True,1,0,0,Adult,12.35,Mid,0,0,0,1,0,2.592,2.095,-0.443
1,1,female,21.0,0,0,77.9583,S,woman,D,True,1,0,0,Adult,77.9583,Premium,1,1,0,0,1,4.369,-0.607,1.151
0,3,male,26.0,0,0,7.8958,S,man,Unknown,True,1,0,0,Adult,7.8958,Low,0,0,0,0,1,2.186,-0.232,-0.551
0,3,male,25.0,0,0,7.7333,Q,man,Unknown,True,1,0,0,Adult,7.7333,Low,0,0,0,1,0,2.167,-0.307,-0.555
1,1,male,80.0,0,0,30.0,S,man,A,True,1,0,0,Senior,30.0,High,1,0,0,0,1,3.434,3.821,-0.014
0,3,male,51.0,0,0,7.0542,S,man,Unknown,True,1,0,0,Adult,7.0542,Low,0,0,0,0,1,2.086,1.645,-0.571
1,1,male,32.0,0,0,30.5,C,man,B,True,1,0,0,Adult,30.5,High,1,0,1,0,0,3.45,0.218,-0.002
0,1,male,40.0,0,0,0.0,S,man,Unknown,True,1,0,0,Adult,0.0,Low,0,0,0,0,1,0.0,0.819,-0.743
0,3,female,9.0,3,2,27.9,S,child,Unknown,False,6,1,1,Child,4.6499999999999995,High,0,1,0,0,1,3.364,-1.508,-0.065
1,2,female,28.0,0,0,13.0,S,woman,Unknown,True,1,0,0,Adult,13.0,Mid,0,1,0,0,1,2.639,-0.082,-0.427
0,3,male,32.0,0,0,7.925,S,man,Unknown,True,1,0,0,Adult,7.925,Mid,0,0,0,0,1,2.189,0.218,-0.55
0,2,male,31.0,1,1,26.25,S,man,Unknown,False,3,1,0,Adult,8.75,High,0,0,0,0,1,3.305,0.143,-0.105
0,3,female,41.0,0,5,39.6875,S,woman,Unknown,False,6,1,0,Adult,6.614583333333333,Premium,0,1,0,0,1,3.706,0.894,0.221
0,3,male,25.0,1,0,16.1,S,man,Unknown,False,2,1,0,Adult,8.05,High,0,0,0,0,1,2.839,-0.307,-0.352
0,3,male,20.0,0,0,7.8542,S,man,Unknown,True,1,0,0,Adult,7.8542,Low,0,0,0,0,1,2.181,-0.682,-0.552
1,1,female,24.0,0,0,69.3,C,woman,B,True,1,0,0,Adult,69.3,Premium,1,1,1,0,0,4.253,-0.382,0.94
0,3,female,2.0,3,2,27.9,S,child,Unknown,False,6,1,1,Child,4.6499999999999995,High,0,1,0,0,1,3.364,-2.034,-0.065
1,3,male,25.0,0,0,56.4958,S,man,Unknown,True,1,0,0,Adult,56.4958,Premium,0,0,0,0,1,4.052,-0.307,0.629
1,3,female,0.75,2,1,19.2583,C,child,Unknown,False,4,1,1,Child,4.814575,High,0,1,1,0,0,3.009,-2.127,-0.275
1,1,male,48.0,1,0,76.7292,C,man,D,False,2,1,0,Adult,38.3646,Premium,1,0,1,0,0,4.353,1.419,1.121
0,3,male,19.0,0,0,7.8958,S,man,Unknown,True,1,0,0,Adult,7.8958,Low,0,0,0,0,1,2.186,-0.758,-0.551
1,1,male,56.0,0,0,35.5,C,man,A,True,1,0,0,Adult,35.5,Premium,1,0,1,0,0,3.597,2.02,0.119
0,3,male,25.0,0,0,7.55,S,man,Unknown,True,1,0,0,Adult,7.55,Low,0,0,0,0,1,2.146,-0.307,-0.559
1,3,female,23.0,0,0,7.55,S,woman,Unknown,True,1,0,0,Adult,7.55,Low,0,1,0,0,1,2.146,-0.457,-0.559
0,3,male,25.0,0,0,7.8958,S,man,Unknown,True,1,0,0,Adult,7.8958,Low,0,0,0,0,1,2.186,-0.307,-0.551
1,2,female,18.0,0,1,23.0,S,woman,Unknown,False,2,1,0,Adult,11.5,High,0,1,0,0,1,3.178,-0.833,-0.184
0,3,male,21.0,0,0,8.4333,S,man,Unknown,True,1,0,0,Adult,8.4333,Mid,0,0,0,0,1,2.244,-0.607,-0.538
1,3,female,21.5,0,0,7.8292,Q,woman,Unknown,True,1,0,0,Adult,7.8292,Low,0,1,0,1,0,2.178,-0.57,-0.553
0,3,female,18.0,0,0,6.75,Q,woman,Unknown,True,1,0,0,Adult,6.75,Low,0,1,0,1,0,2.048,-0.833,-0.579
0,2,male,24.0,2,0,73.5,S,man,Unknown,False,3,1,0,Adult,24.5,Premium,0,0,0,0,1,4.311,-0.382,1.042
0,3,male,25.0,0,0,7.8958,S,man,Unknown,True,1,0,0,Adult,7.8958,Low,0,0,0,0,1,2.186,-0.307,-0.551
0,3,female,32.0,1,1,15.5,Q,woman,Unknown,False,3,1,0,Adult,5.166666666666667,High,0,1,0,1,0,2.803,0.218,-0.366
0,2,male,23.0,0,0,13.0,S,man,Unknown,True,1,0,0,Adult,13.0,Mid,0,0,0,0,1,2.639,-0.457,-0.427
0,1,male,58.0,0,2,113.275,C,man,D,False,3,1,0,Adult,37.75833333333333,Premium,1,0,1,0,0,4.739,2.17,2.008
1,1,male,50.0,2,0,133.65,S,man,Unknown,False,3,1,0,Adult,44.550000000000004,Premium,0,0,0,0,1,4.903,1.569,2.503
0,3,male,40.0,0,0,7.225,C,man,Unknown,True,1,0,0,Adult,7.225,Low,0,0,1,0,0,2.107,0.819,-0.567
0,1,male,47.0,0,0,25.5875,S,man,E,True,1,0,0,Adult,25.5875,High,1,0,0,0,1,3.28,1.344,-0.121
0,3,male,36.0,0,0,7.4958,S,man,Unknown,True,1,0,0,Adult,7.4958,Low,0,0,0,0,1,2.14,0.519,-0.561
1,3,male,20.0,1,0,7.925,S,man,Unknown,False,2,1,0,Adult,3.9625,Mid,0,0,0,0,1,2.189,-0.682,-0.55
0,2,male,32.0,2,0,73.5,S,man,Unknown,False,3,1,0,Adult,24.5,Premium,0,0,0,0,1,4.311,0.218,1.042
0,2,male,25.0,0,0,13.0,S,man,Unknown,True,1,0,0,Adult,13.0,Mid,0,0,0,0,1,2.639,-0.307,-0.427
0,3,male,25.0,0,0,7.775,S,man,Unknown,True,1,0,0,Adult,7.775,Low,0,0,0,0,1,2.172,-0.307,-0.554
0,3,male,43.0,0,0,8.05,S,man,Unknown,True,1,0,0,Adult,8.05,Mid,0,0,0,0,1,2.203,1.044,-0.547
1,1,female,35.0,1,0,52.0,S,woman,C,False,2,1,0,Adult,26.0,Premium,1,1,0,0,1,3.97,0.444,0.52
1,2,female,40.0,1,1,39.0,S,woman,Unknown,False,3,1,0,Adult,13.0,Premium,0,1,0,0,1,3.689,0.819,0.204
0,1,male,31.0,1,0,52.0,S,man,B,False,2,1,0,Adult,26.0,Premium,1,0,0,0,1,3.97,0.143,0.52
0,2,male,70.0,0,0,10.5,S,man,Unknown,True,1,0,0,Senior,10.5,Mid,0,0,0,0,1,2.442,3.071,-0.488
1,2,male,31.0,0,0,13.0,S,man,Unknown,True,1,0,0,Adult,13.0,Mid,0,0,0,0,1,2.639,0.143,-0.427
0,2,male,30.0,0,0,0.0,S,man,Unknown,True,1,0,0,Adult,0.0,Low,0,0,0,0,1,0.0,0.068,-0.743
0,3,male,18.0,0,0,7.775,S,man,Unknown,True,1,0,0,Adult,7.775,Low,0,0,0,0,1,2.172,-0.833,-0.554
0,3,male,24.5,0,0,8.05,S,man,Unknown,True,1,0,0,Adult,8.05,Mid,0,0,0,0,1,2.203,-0.345,-0.547
1,3,female,18.0,0,0,9.8417,S,woman,Unknown,True,1,0,0,Adult,9.8417,Mid,0,1,0,0,1,2.383,-0.833,-0.504
0,3,female,43.0,1,6,46.9,S,woman,Unknown,False,8,1,0,Adult,5.8625,Premium,0,1,0,0,1,3.869,1.044,0.396
0,3,female,21.5,0,0,8.1375,Q,woman,Unknown,True,1,0,0,Adult,8.1375,Mid,0,1,0,1,0,2.212,-0.57,-0.545
1,1,male,27.0,0,0,76.7292,C,man,D,True,1,0,0,Adult,76.7292,Premium,1,0,1,0,0,4.353,-0.157,1.121
0,3,male,20.0,0,0,9.225,S,man,Unknown,True,1,0,0,Adult,9.225,Mid,0,0,0,0,1,2.325,-0.682,-0.519
0,3,male,14.0,5,2,46.9,S,child,Unknown,False,8,1,1,Teen,5.8625,Premium,0,0,0,0,1,3.869,-1.133,0.396
0,2,male,60.0,1,1,39.0,S,man,Unknown,False,3,1,0,Senior,13.0,Premium,0,0,0,0,1,3.689,2.32,0.204
0,2,male,25.0,1,2,41.5792,C,man,Unknown,False,4,1,0,Adult,10.3948,Premium,0,0,1,0,0,3.751,-0.307,0.267
0,3,male,14.0,4,1,39.6875,S,child,Unknown,False,6,1,1,Teen,6.614583333333333,Premium,0,0,0,0,1,3.706,-1.133,0.221
0,3,male,19.0,0,0,10.1708,S,man,Unknown,True,1,0,0,Adult,10.1708,Mid,0,0,0,0,1,2.413,-0.758,-0.496
0,3,male,18.0,0,0,7.7958,S,man,Unknown,True,1,0,0,Adult,7.7958,Low,0,0,0,0,1,2.174,-0.833,-0.553
1,1,female,15.0,0,1,211.3375,S,child,B,False,2,1,1,Teen,105.66875,Premium,1,1,0,0,1,5.358,-1.058,4.39
1,1,male,31.0,1,0,57.0,S,man,B,False,2,1,0,Adult,28.5,Premium,1,0,0,0,1,4.06,0.143,0.642
1,3,female,4.0,0,1,13.4167,C,child,Unknown,False,2,1,1,Child,6.70835,Mid,0,1,1,0,0,2.668,-1.883,-0.417
1,3,male,25.0,0,0,56.4958,S,man,Unknown,True,1,0,0,Adult,56.4958,Premium,0,0,0,0,1,4.052,-0.307,0.629
0,3,male,25.0,0,0,7.225,C,man,Unknown,True,1,0,0,Adult,7.225,Low,0,0,1,0,0,2.107,-0.307,-0.567
0,1,male,60.0,0,0,26.55,S,man,Unknown,True,1,0,0,Senior,26.55,High,0,0,0,0,1,3.316,2.32,-0.098
0,2,male,52.0,0,0,13.5,S,man,Unknown,True,1,0,0,Adult,13.5,Mid,0,0,0,0,1,2.674,1.72,-0.415
0,3,male,44.0,0,0,8.05,S,man,Unknown,True,1,0,0,Adult,8.05,Mid,0,0,0,0,1,2.203,1.119,-0.547
1,3,female,21.5,0,0,7.7333,Q,woman,Unknown,True,1,0,0,Adult,7.7333,Low,0,1,0,1,0,2.167,-0.57,-0.555
0,1,male,49.0,1,1,110.8833,C,man,C,False,3,1,0,Adult,36.9611,Premium,1,0,1,0,0,4.717,1.494,1.95
0,3,male,42.0,0,0,7.65,S,man,F,True,1,0,0,Adult,7.65,Low,1,0,0,0,1,2.158,0.969,-0.557
1,1,female,18.0,1,0,227.525,C,woman,C,False,2,1,0,Adult,113.7625,Premium,1,1,1,0,0,5.432,-0.833,4.783
1,1,male,35.0,0,0,26.2875,S,man,E,True,1,0,0,Adult,26.2875,High,1,0,0,0,1,3.306,0.444,-0.104
0,3,female,18.0,0,1,14.4542,C,woman,Unknown,False,2,1,0,Adult,7.2271,Mid,0,1,1,0,0,2.738,-0.833,-0.392
0,3,male,25.0,0,0,7.7417,Q,man,Unknown,True,1,0,0,Adult,7.7417,Low,0,0,0,1,0,2.168,-0.307,-0.555
0,3,male,26.0,1,0,7.8542,S,man,Unknown,False,2,1,0,Adult,3.9271,Low,0,0,0,0,1,2.181,-0.232,-0.552
0,2,male,39.0,0,0,26.0,S,man,Unknown,True,1,0,0,Adult,26.0,High,0,0,0,0,1,3.296,0.744,-0.111
1,2,female,45.0,0,0,13.5,S,woman,Unknown,True,1,0,0,Adult,13.5,Mid,0,1,0,0,1,2.674,1.194,-0.415
1,1,male,42.0,0,0,26.2875,S,man,E,True,1,0,0,Adult,26.2875,High,1,0,0,0,1,3.306,0.969,-0.104
1,1,female,22.0,0,0,151.55,S,woman,Unknown,True,1,0,0,Adult,151.55,Premium,0,1,0,0,1,5.027,-0.532,2.938
1,3,male,25.0,1,1,15.2458,C,man,Unknown,False,3,1,0,Adult,5.081933333333333,High,0,0,1,0,0,2.788,-0.307,-0.372
1,1,female,24.0,0,0,49.5042,C,woman,C,True,1,0,0,Adult,49.5042,Premium,1,1,1,0,0,3.922,-0.382,0.46
0,1,male,40.0,0,0,26.55,S,man,C,True,1,0,0,Adult,26.55,High,1,0,0,0,1,3.316,0.819,-0.098
1,1,male,48.0,1,0,52.0,S,man,C,False,2,1,0,Adult,26.0,Premium,1,0,0,0,1,3.97,1.419,0.52
0,3,male,29.0,0,0,9.4833,S,man,Unknown,True,1,0,0,Adult,9.4833,Mid,0,0,0,0,1,2.35,-0.007,-0.512
0,2,male,52.0,0,0,13.0,S,man,Unknown,True,1,0,0,Adult,13.0,Mid,0,0,0,0,1,2.639,1.72,-0.427
0,3,male,19.0,0,0,7.65,S,man,F,True,1,0,0,Adult,7.65,Low,1,0,0,0,1,2.158,-0.758,-0.557
1,1,female,38.0,0,0,227.525,C,woman,C,True,1,0,0,Adult,227.525,Premium,1,1,1,0,0,5.432,0.669,4.783
1,2,female,27.0,0,0,10.5,S,woman,E,True,1,0,0,Adult,10.5,Mid,1,1,0,0,1,2.442,-0.157,-0.488
0,3,male,25.0,0,0,15.5,Q,man,Unknown,True,1,0,0,Adult,15.5,High,0,0,0,1,0,2.803,-0.307,-0.366
0,3,male,33.0,0,0,7.775,S,man,Unknown,True,1,0,0,Adult,7.775,Low,0,0,0,0,1,2.172,0.293,-0.554
1,2,female,6.0,0,1,33.0,S,child,Unknown,False,2,1,1,Child,16.5,Premium,0,1,0,0,1,3.526,-1.733,0.059
0,3,male,17.0,1,0,7.0542,S,man,Unknown,False,2,1,1,Teen,3.5271,Low,0,0,0,0,1,2.086,-0.908,-0.571
0,2,male,34.0,0,0,13.0,S,man,Unknown,True,1,0,0,Adult,13.0,Mid,0,0,0,0,1,2.639,0.368,-0.427
0,2,male,50.0,0,0,13.0,S,man,Unknown,True,1,0,0,Adult,13.0,Mid,0,0,0,0,1,2.639,1.569,-0.427
1,1,male,27.0,1,0,53.1,S,man,E,False,2,1,0,Adult,26.55,Premium,1,0,0,0,1,3.991,-0.157,0.547
0,3,male,20.0,0,0,8.6625,S,man,Unknown,True,1,0,0,Adult,8.6625,Mid,0,0,0,0,1,2.268,-0.682,-0.532
1,2,female,30.0,3,0,21.0,S,woman,Unknown,False,4,1,0,Adult,5.25,High,0,1,0,0,1,3.091,0.068,-0.233
1,3,female,21.5,0,0,7.7375,Q,woman,Unknown,True,1,0,0,Adult,7.7375,Low,0,1,0,1,0,2.168,-0.57,-0.555
0,2,male,25.0,1,0,26.0,S,man,Unknown,False,2,1,0,Adult,13.0,High,0,0,0,0,1,3.296,-0.307,-0.111
0,3,female,25.0,1,0,7.925,S,woman,Unknown,False,2,1,0,Adult,3.9625,Mid,0,1,0,0,1,2.189,-0.307,-0.55
1,1,female,29.0,0,0,211.3375,S,woman,B,True,1,0,0,Adult,211.3375,Premium,1,1,0,0,1,5.358,-0.007,4.39
0,3,male,11.0,0,0,18.7875,C,child,Unknown,True,1,0,1,Child,18.7875,High,0,0,1,0,0,2.985,-1.358,-0.286
0,2,male,30.0,0,0,0.0,S,man,Unknown,True,1,0,0,Adult,0.0,Low,0,0,0,0,1,0.0,0.068,-0.743
0,2,male,23.0,0,0,13.0,S,man,Unknown,True,1,0,0,Adult,13.0,Mid,0,0,0,0,1,2.639,-0.457,-0.427
0,2,male,23.0,0,0,13.0,S,man,Unknown,True,1,0,0,Adult,13.0,Mid,0,0,0,0,1,2.639,-0.457,-0.427
0,3,male,28.5,0,0,16.1,S,man,Unknown,True,1,0,0,Adult,16.1,High,0,0,0,0,1,2.839,-0.044,-0.352
0,3,female,48.0,1,3,34.375,S,woman,Unknown,False,5,1,0,Adult,6.875,Premium,0,1,0,0,1,3.566,1.419,0.092
0,3,male,25.0,0,0,7.8958,S,man,Unknown,True,1,0,0,Adult,7.8958,Low,0,0,0,0,1,2.186,-0.307,-0.551
0,3,male,25.0,0,0,7.8958,S,man,Unknown,True,1,0,0,Adult,7.8958,Low,0,0,0,0,1,2.186,-0.307,-0.551
1,1,male,40.0,0,0,30.0,S,man,D,True,1,0,0,Adult,30.0,High,1,0,0,0,1,3.434,0.819,-0.014
0,1,male,36.0,1,0,78.85,S,man,C,False,2,1,0,Adult,39.425,Premium,1,0,0,0,1,4.38,0.519,1.172
1,1,female,21.0,2,2,262.375,C,woman,B,False,5,1,0,Adult,52.475,Premium,1,1,1,0,0,5.574,-0.607,5.629
0,3,male,24.0,1,0,16.1,S,man,Unknown,False,2,1,0,Adult,8.05,High,0,0,0,0,1,2.839,-0.382,-0.352
1,3,male,31.0,0,0,7.925,S,man,Unknown,True,1,0,0,Adult,7.925,Mid,0,0,0,0,1,2.189,0.143,-0.55
0,1,male,70.0,1,1,71.0,S,man,B,False,3,1,0,Senior,23.666666666666668,Premium,1,0,0,0,1,4.277,3.071,0.982
0,3,male,16.0,1,1,20.25,S,man,Unknown,False,3,1,1,Teen,6.75,High,0,0,0,0,1,3.056,-0.983,-0.251
1,2,female,30.0,0,0,13.0,S,woman,Unknown,True,1,0,0,Adult,13.0,Mid,0,1,0,0,1,2.639,0.068,-0.427
0,1,male,19.0,1,0,53.1,S,man,D,False,2,1,0,Adult,26.55,Premium,1,0,0,0,1,3.991,-0.758,0.547
0,3,male,31.0,0,0,7.75,Q,man,Unknown,True,1,0,0,Adult,7.75,Low,0,0,0,1,0,2.169,0.143,-0.554
1,2,female,4.0,1,1,23.0,S,child,Unknown,False,3,1,1,Child,7.666666666666667,High,0,1,0,0,1,3.178,-1.883,-0.184
1,3,male,6.0,0,1,12.475,S,child,E,False,2,1,1,Child,6.2375,Mid,1,0,0,0,1,2.601,-1.733,-0.44
0,3,male,33.0,0,0,9.5,S,man,Unknown,True,1,0,0,Adult,9.5,Mid,0,0,0,0,1,2.351,0.293,-0.512
0,3,male,23.0,0,0,7.8958,S,man,Unknown,True,1,0,0,Adult,7.8958,Low,0,0,0,0,1,2.186,-0.457,-0.551
1,2,female,48.0,1,2,65.0,S,woman,Unknown,False,4,1,0,Adult,16.25,Premium,0,1,0,0,1,4.19,1.419,0.836
1,2,male,0.67,1,1,14.5,S,child,Unknown,False,3,1,1,Child,4.833333333333333,High,0,0,0,0,1,2.741,-2.133,-0.391
0,3,male,28.0,0,0,7.7958,S,man,Unknown,True,1,0,0,Adult,7.7958,Low,0,0,0,0,1,2.174,-0.082,-0.553
0,2,male,18.0,0,0,11.5,S,man,Unknown,True,1,0,0,Adult,11.5,Mid,0,0,0,0,1,2.526,-0.833,-0.463
0,3,male,34.0,0,0,8.05,S,man,Unknown,True,1,0,0,Adult,8.05,Mid,0,0,0,0,1,2.203,0.368,-0.547
1,1,female,33.0,0,0,86.5,S,woman,B,True,1,0,0,Adult,86.5,Premium,1,1,0,0,1,4.472,0.293,1.358
0,3,male,25.0,0,0,14.5,S,man,Unknown,True,1,0,0,Adult,14.5,High,0,0,0,0,1,2.741,-0.307,-0.391
0,3,male,41.0,0,0,7.125,S,man,Unknown,True,1,0,0,Adult,7.125,Low,0,0,0,0,1,2.095,0.894,-0.57
1,3,male,20.0,0,0,7.2292,C,man,Unknown,True,1,0,0,Adult,7.2292,Low,0,0,1,0,0,2.108,-0.682,-0.567
1,1,female,36.0,1,2,120.0,S,woman,B,False,4,1,0,Adult,30.0,Premium,1,1,0,0,1,4.796,0.519,2.172
0,3,male,16.0,0,0,7.775,S,man,Unknown,True,1,0,1,Teen,7.775,Low,0,0,0,0,1,2.172,-0.983,-0.554
1,1,female,51.0,1,0,77.9583,S,woman,D,False,2,1,0,Adult,38.97915,Premium,1,1,0,0,1,4.369,1.645,1.151
0,1,male,40.0,0,0,39.6,C,man,Unknown,True,1,0,0,Adult,39.6,Premium,0,0,1,0,0,3.704,0.819,0.219
0,3,female,30.5,0,0,7.75,Q,woman,Unknown,True,1,0,0,Adult,7.75,Low,0,1,0,1,0,2.169,0.106,-0.554
0,3,male,25.0,1,0,24.15,Q,man,Unknown,False,2,1,0,Adult,12.075,High,0,0,0,1,0,3.225,-0.307,-0.156
0,3,male,32.0,0,0,8.3625,S,man,Unknown,True,1,0,0,Adult,8.3625,Mid,0,0,0,0,1,2.237,0.218,-0.54
0,3,male,24.0,0,0,9.5,S,man,Unknown,True,1,0,0,Adult,9.5,Mid,0,0,0,0,1,2.351,-0.382,-0.512
0,3,male,48.0,0,0,7.8542,S,man,Unknown,True,1,0,0,Adult,7.8542,Low,0,0,0,0,1,2.181,1.419,-0.552
0,2,female,57.0,0,0,10.5,S,woman,E,True,1,0,0,Adult,10.5,Mid,1,1,0,0,1,2.442,2.095,-0.488
0,3,male,25.0,0,0,7.225,C,man,Unknown,True,1,0,0,Adult,7.225,Low,0,0,1,0,0,2.107,-0.307,-0.567
1,2,female,54.0,1,3,23.0,S,woman,Unknown,False,5,1,0,Adult,4.6,High,0,1,0,0,1,3.178,1.87,-0.184
0,3,male,18.0,0,0,7.75,S,man,Unknown,True,1,0,0,Adult,7.75,Low,0,0,0,0,1,2.169,-0.833,-0.554
0,3,male,25.0,0,0,7.75,Q,man,F,True,1,0,0,Adult,7.75,Low,1,0,0,1,0,2.169,-0.307,-0.554
1,3,female,5.0,0,0,12.475,S,child,Unknown,True,1,0,1,Child,12.475,Mid,0,1,0,0,1,2.601,-1.808,-0.44
0,3,male,25.0,0,0,7.7375,Q,man,Unknown,True,1,0,0,Adult,7.7375,Low,0,0,0,1,0,2.168,-0.307,-0.555
1,1,female,43.0,0,1,211.3375,S,woman,B,False,2,1,0,Adult,105.66875,Premium,1,1,0,0,1,5.358,1.044,4.39
1,3,female,13.0,0,0,7.2292,C,child,Unknown,True,1,0,1,Teen,7.2292,Low,0,1,1,0,0,2.108,-1.208,-0.567
1,1,female,17.0,1,0,57.0,S,woman,B,False,2,1,1,Teen,28.5,Premium,1,1,0,0,1,4.06,-0.908,0.642
0,1,male,29.0,0,0,30.0,S,man,D,True,1,0,0,Adult,30.0,High,1,0,0,0,1,3.434,-0.007,-0.014
0,3,male,25.0,1,2,23.45,S,man,Unknown,False,4,1,0,Adult,5.8625,High,0,0,0,0,1,3.197,-0.307,-0.173
0,3,male,25.0,0,0,7.05,S,man,Unknown,True,1,0,0,Adult,7.05,Low,0,0,0,0,1,2.086,-0.307,-0.571
0,3,male,25.0,0,0,7.25,S,man,Unknown,True,1,0,0,Adult,7.25,Low,0,0,0,0,1,2.11,-0.307,-0.567
1,3,female,18.0,0,0,7.4958,S,woman,Unknown,True,1,0,0,Adult,7.4958,Low,0,1,0,0,1,2.14,-0.833,-0.561
0,3,male,8.0,4,1,29.125,Q,child,Unknown,False,6,1,1,Child,4.854166666666667,High,0,0,0,1,0,3.405,-1.583,-0.035
1,3,male,1.0,1,2,20.575,S,child,Unknown,False,4,1,1,Child,5.14375,High,0,0,0,0,1,3.072,-2.109,-0.243
0,1,male,46.0,0,0,79.2,C,man,B,True,1,0,0,Adult,79.2,Premium,1,0,1,0,0,4.385,1.269,1.181
0,3,male,25.0,0,0,7.75,Q,man,Unknown,True,1,0,0,Adult,7.75,Low,0,0,0,1,0,2.169,-0.307,-0.554
0,2,male,16.0,0,0,26.0,S,man,Unknown,True,1,0,1,Teen,26.0,High,0,0,0,0,1,3.296,-0.983,-0.111
0,3,female,21.5,8,2,69.55,S,woman,Unknown,False,11,1,0,Adult,6.322727272727272,Premium,0,1,0,0,1,4.256,-0.57,0.946
0,1,male,40.0,0,0,30.6958,C,man,Unknown,True,1,0,0,Adult,30.6958,High,0,0,1,0,0,3.456,0.819,0.003
0,3,male,25.0,0,0,7.8958,S,man,Unknown,True,1,0,0,Adult,7.8958,Low,0,0,0,0,1,2.186,-0.307,-0.551
0,2,male,39.0,0,0,13.0,S,man,Unknown,True,1,0,0,Adult,13.0,Mid,0,0,0,0,1,2.639,0.744,-0.427
1,1,female,49.0,0,0,25.9292,S,woman,D,True,1,0,0,Adult,25.9292,High,1,1,0,0,1,3.293,1.494,-0.113
1,3,female,31.0,0,0,8.6833,S,woman,Unknown,True,1,0,0,Adult,8.6833,Mid,0,1,0,0,1,2.27,0.143,-0.532
0,3,male,30.0,0,0,7.2292,C,man,Unknown,True,1,0,0,Adult,7.2292,Low,0,0,1,0,0,2.108,0.068,-0.567
0,3,female,30.0,1,1,24.15,S,woman,Unknown,False,3,1,0,Adult,8.049999999999999,High,0,1,0,0,1,3.225,0.068,-0.156
0,2,male,34.0,0,0,13.0,S,man,Unknown,True,1,0,0,Adult,13.0,Mid,0,0,0,0,1,2.639,0.368,-0.427
1,2,female,31.0,1,1,26.25,S,woman,Unknown,False,3,1,0,Adult,8.75,High,0,1,0,0,1,3.305,0.143,-0.105
1,1,male,11.0,1,2,120.0,S,child,B,False,4,1,1,Child,30.0,Premium,1,0,0,0,1,4.796,-1.358,2.172
1,3,male,0.42,0,1,8.5167,C,child,Unknown,False,2,1,1,Child,4.25835,Mid,0,0,1,0,0,2.253,-2.152,-0.536
1,3,male,27.0,0,0,6.975,S,man,Unknown,True,1,0,0,Adult,6.975,Low,0,0,0,0,1,2.076,-0.157,-0.573
0,3,male,31.0,0,0,7.775,S,man,Unknown,True,1,0,0,Adult,7.775,Low,0,0,0,0,1,2.172,0.143,-0.554
0,1,male,39.0,0,0,0.0,S,man,A,True,1,0,0,Adult,0.0,Low,1,0,0,0,1,0.0,0.744,-0.743
0,3,female,18.0,0,0,7.775,S,woman,Unknown,True,1,0,0,Adult,7.775,Low,0,1,0,0,1,2.172,-0.833,-0.554
0,2,male,39.0,0,0,13.0,S,man,Unknown,True,1,0,0,Adult,13.0,Mid,0,0,0,0,1,2.639,0.744,-0.427
1,1,female,33.0,1,0,53.1,S,woman,E,False,2,1,0,Adult,26.55,Premium,1,1,0,0,1,3.991,0.293,0.547
0,3,male,26.0,0,0,7.8875,S,man,Unknown,True,1,0,0,Adult,7.8875,Low,0,0,0,0,1,2.185,-0.232,-0.551
0,3,male,39.0,0,0,24.15,S,man,Unknown,True,1,0,0,Adult,24.15,High,0,0,0,0,1,3.225,0.744,-0.156
0,2,male,35.0,0,0,10.5,S,man,Unknown,True,1,0,0,Adult,10.5,Mid,0,0,0,0,1,2.442,0.444,-0.488
0,3,female,6.0,4,2,31.275,S,child,Unknown,False,7,1,1,Child,4.4678571428571425,Premium,0,1,0,0,1,3.474,-1.733,0.017
0,3,male,30.5,0,0,8.05,S,man,Unknown,True,1,0,0,Adult,8.05,Mid,0,0,0,0,1,2.203,0.106,-0.547
0,1,male,40.0,0,0,0.0,S,man,B,True,1,0,0,Adult,0.0,Low,1,0,0,0,1,0.0,0.819,-0.743
0,3,female,23.0,0,0,7.925,S,woman,Unknown,True,1,0,0,Adult,7.925,Mid,0,1,0,0,1,2.189,-0.457,-0.55
0,2,male,31.0,1,1,37.0042,C,man,Unknown,False,3,1,0,Adult,12.334733333333332,Premium,0,0,1,0,0,3.638,0.143,0.156
0,3,male,43.0,0,0,6.45,S,man,Unknown,True,1,0,0,Adult,6.45,Low,0,0,0,0,1,2.008,1.044,-0.586
0,3,male,10.0,3,2,27.9,S,child,Unknown,False,6,1,1,Child,4.6499999999999995,High,0,0,0,0,1,3.364,-1.433,-0.065
1,1,female,52.0,1,1,93.5,S,woman,B,False,3,1,0,Adult,31.166666666666668,Premium,1,1,0,0,1,4.549,1.72,1.528
1,3,male,27.0,0,0,8.6625,S,man,Unknown,True,1,0,0,Adult,8.6625,Mid,0,0,0,0,1,2.268,-0.157,-0.532
0,1,male,38.0,0,0,0.0,S,man,Unknown,True,1,0,0,Adult,0.0,Low,0,0,0,0,1,0.0,0.669,-0.743
1,3,female,27.0,0,1,12.475,S,woman,E,False,2,1,0,Adult,6.2375,Mid,1,1,0,0,1,2.601,-0.157,-0.44
0,3,male,2.0,4,1,39.6875,S,child,Unknown,False,6,1,1,Child,6.614583333333333,Premium,0,0,0,0,1,3.706,-2.034,0.221
0,3,male,25.0,0,0,6.95,Q,man,Unknown,True,1,0,0,Adult,6.95,Low,0,0,0,1,0,2.073,-0.307,-0.574
0,3,male,25.0,0,0,56.4958,S,man,Unknown,True,1,0,0,Adult,56.4958,Premium,0,0,0,0,1,4.052,-0.307,0.629
1,2,male,1.0,0,2,37.0042,C,child,Unknown,False,3,1,1,Child,12.334733333333332,Premium,0,0,1,0,0,3.638,-2.109,0.156
1,3,male,25.0,0,0,7.75,Q,man,Unknown,True,1,0,0,Adult,7.75,Low,0,0,0,1,0,2.169,-0.307,-0.554
1,1,female,62.0,0,0,80.0,S,woman,B,True,1,0,0,Senior,80.0,Premium,1,1,0,0,1,4.394,2.47,1.2
1,3,female,15.0,1,0,14.4542,C,child,Unknown,False,2,1,1,Teen,7.2271,Mid,0,1,1,0,0,2.738,-1.058,-0.392
1,2,male,0.83,1,1,18.75,S,child,Unknown,False,3,1,1,Child,6.25,High,0,0,0,0,1,2.983,-2.121,-0.287
0,3,male,25.0,0,0,7.2292,C,man,Unknown,True,1,0,0,Adult,7.2292,Low,0,0,1,0,0,2.108,-0.307,-0.567
0,3,male,23.0,0,0,7.8542,S,man,Unknown,True,1,0,0,Adult,7.8542,Low,0,0,0,0,1,2.181,-0.457,-0.552
0,3,male,18.0,0,0,8.3,S,man,Unknown,True,1,0,0,Adult,8.3,Mid,0,0,0,0,1,2.23,-0.833,-0.541
1,1,female,39.0,1,1,83.1583,C,woman,E,False,3,1,0,Adult,27.71943333333333,Premium,1,1,1,0,0,4.433,0.744,1.277
0,3,male,21.0,0,0,8.6625,S,man,Unknown,True,1,0,0,Adult,8.6625,Mid,0,0,0,0,1,2.268,-0.607,-0.532
0,3,male,25.0,0,0,8.05,S,man,Unknown,True,1,0,0,Adult,8.05,Mid,0,0,0,0,1,2.203,-0.307,-0.547
1,3,male,32.0,0,0,56.4958,S,man,Unknown,True,1,0,0,Adult,56.4958,Premium,0,0,0,0,1,4.052,0.218,0.629
1,1,male,40.0,0,0,29.7,C,man,C,True,1,0,0,Adult,29.7,High,1,0,1,0,0,3.424,0.819,-0.021
0,3,male,20.0,0,0,7.925,S,man,Unknown,True,1,0,0,Adult,7.925,Mid,0,0,0,0,1,2.189,-0.682,-0.55
0,2,male,16.0,0,0,10.5,S,man,Unknown,True,1,0,1,Teen,10.5,Mid,0,0,0,0,1,2.442,-0.983,-0.488
1,1,female,30.0,0,0,31.0,C,woman,Unknown,True,1,0,0,Adult,31.0,Premium,0,1,1,0,0,3.466,0.068,0.01
0,3,male,34.5,0,0,6.4375,C,man,Unknown,True,1,0,0,Adult,6.4375,Low,0,0,1,0,0,2.007,0.406,-0.586
0,3,male,17.0,0,0,8.6625,S,man,Unknown,True,1,0,1,Teen,8.6625,Mid,0,0,0,0,1,2.268,-0.908,-0.532
0,3,male,42.0,0,0,7.55,S,man,Unknown,True,1,0,0,Adult,7.55,Low,0,0,0,0,1,2.146,0.969,-0.559
0,3,male,25.0,8,2,69.55,S,man,Unknown,False,11,1,0,Adult,6.322727272727272,Premium,0,0,0,0,1,4.256,-0.307,0.946
0,3,male,35.0,0,0,7.8958,C,man,Unknown,True,1,0,0,Adult,7.8958,Low,0,0,1,0,0,2.186,0.444,-0.551
0,2,male,28.0,0,1,33.0,S,man,Unknown,False,2,1,0,Adult,16.5,Premium,0,0,0,0,1,3.526,-0.082,0.059
1,1,female,35.0,1,0,89.1042,C,woman,C,False,2,1,0,Adult,44.5521,Premium,1,1,1,0,0,4.501,0.444,1.421
0,3,male,4.0,4,2,31.275,S,child,Unknown,False,7,1,1,Child,4.4678571428571425,Premium,0,0,0,0,1,3.474,-1.883,0.017
0,3,male,74.0,0,0,7.775,S,man,Unknown,True,1,0,0,Senior,7.775,Low,0,0,0,0,1,2.172,3.371,-0.554
0,3,female,9.0,1,1,15.2458,C,child,Unknown,False,3,1,1,Child,5.081933333333333,High,0,1,1,0,0,2.788,-1.508,-0.372
1,1,female,16.0,0,1,39.4,S,woman,D,False,2,1,1,Teen,19.7,Premium,1,1,0,0,1,3.699,-0.983,0.214
0,2,female,44.0,1,0,26.0,S,woman,Unknown,False,2,1,0,Adult,13.0,High,0,1,0,0,1,3.296,1.119,-0.111
1,3,female,18.0,0,1,9.35,S,woman,Unknown,False,2,1,0,Adult,4.675,Mid,0,1,0,0,1,2.337,-0.833,-0.516
1,1,female,45.0,1,1,164.8667,S,woman,Unknown,False,3,1,0,Adult,54.95556666666667,Premium,0,1,0,0,1,5.111,1.194,3.261
1,1,male,51.0,0,0,26.55,S,man,E,True,1,0,0,Adult,26.55,High,1,0,0,0,1,3.316,1.645,-0.098
1,3,female,24.0,0,3,19.2583,C,woman,Unknown,False,4,1,0,Adult,4.814575,High,0,1,1,0,0,3.009,-0.382,-0.275
0,3,male,25.0,0,0,7.2292,C,man,Unknown,True,1,0,0,Adult,7.2292,Low,0,0,1,0,0,2.108,-0.307,-0.567
0,3,male,41.0,2,0,14.1083,S,man,Unknown,False,3,1,0,Adult,4.702766666666666,Mid,0,0,0,0,1,2.715,0.894,-0.4
0,2,male,21.0,1,0,11.5,S,man,Unknown,False,2,1,0,Adult,5.75,Mid,0,0,0,0,1,2.526,-0.607,-0.463
1,1,female,48.0,0,0,25.9292,S,woman,D,True,1,0,0,Adult,25.9292,High,1,1,0,0,1,3.293,1.419,-0.113
0,3,female,21.5,8,2,69.55,S,woman,Unknown,False,11,1,0,Adult,6.322727272727272,Premium,0,1,0,0,1,4.256,-0.57,0.946
0,2,male,24.0,0,0,13.0,S,man,Unknown,True,1,0,0,Adult,13.0,Mid,0,0,0,0,1,2.639,-0.382,-0.427
1,2,female,42.0,0,0,13.0,S,woman,Unknown,True,1,0,0,Adult,13.0,Mid,0,1,0,0,1,2.639,0.969,-0.427
1,2,female,27.0,1,0,13.8583,C,woman,Unknown,False,2,1,0,Adult,6.92915,Mid,0,1,1,0,0,2.699,-0.157,-0.406
0,1,male,31.0,0,0,50.4958,S,man,A,True,1,0,0,Adult,50.4958,Premium,1,0,0,0,1,3.942,0.143,0.484
0,3,male,25.0,0,0,9.5,S,man,Unknown,True,1,0,0,Adult,9.5,Mid,0,0,0,0,1,2.351,-0.307,-0.512
1,3,male,4.0,1,1,11.1333,S,child,Unknown,False,3,1,1,Child,3.7111,Mid,0,0,0,0,1,2.496,-1.883,-0.472
0,3,male,26.0,0,0,7.8958,S,man,Unknown,True,1,0,0,Adult,7.8958,Low,0,0,0,0,1,2.186,-0.232,-0.551
1,1,female,47.0,1,1,52.5542,S,woman,D,False,3,1,0,Adult,17.518066666666666,Premium,1,1,0,0,1,3.981,1.344,0.534
0,1,male,33.0,0,0,5.0,S,man,B,True,1,0,0,Adult,5.0,Low,1,0,0,0,1,1.792,0.293,-0.621
0,3,male,47.0,0,0,9.0,S,man,Unknown,True,1,0,0,Adult,9.0,Mid,0,0,0,0,1,2.303,1.344,-0.524
1,2,female,28.0,1,0,24.0,C,woman,Unknown,False,2,1,0,Adult,12.0,High,0,1,1,0,0,3.219,-0.082,-0.16
1,3,female,15.0,0,0,7.225,C,child,Unknown,True,1,0,1,Teen,7.225,Low,0,1,1,0,0,2.107,-1.058,-0.567
0,3,male,20.0,0,0,9.8458,S,man,Unknown,True,1,0,0,Adult,9.8458,Mid,0,0,0,0,1,2.384,-0.682,-0.504
0,3,male,19.0,0,0,7.8958,S,man,Unknown,True,1,0,0,Adult,7.8958,Low,0,0,0,0,1,2.186,-0.758,-0.551
0,3,male,25.0,0,0,7.8958,S,man,Unknown,True,1,0,0,Adult,7.8958,Low,0,0,0,0,1,2.186,-0.307,-0.551
1,1,female,56.0,0,1,83.1583,C,woman,C,False,2,1,0,Adult,41.57915,Premium,1,1,1,0,0,4.433,2.02,1.277
1,2,female,25.0,0,1,26.0,S,woman,Unknown,False,2,1,0,Adult,13.0,High,0,1,0,0,1,3.296,-0.307,-0.111
0,3,male,33.0,0,0,7.8958,S,man,Unknown,True,1,0,0,Adult,7.8958,Low,0,0,0,0,1,2.186,0.293,-0.551
0,3,female,22.0,0,0,10.5167,S,woman,Unknown,True,1,0,0,Adult,10.5167,Mid,0,1,0,0,1,2.444,-0.532,-0.487
0,2,male,28.0,0,0,10.5,S,man,Unknown,True,1,0,0,Adult,10.5,Mid,0,0,0,0,1,2.442,-0.082,-0.488
0,3,male,25.0,0,0,7.05,S,man,Unknown,True,1,0,0,Adult,7.05,Low,0,0,0,0,1,2.086,-0.307,-0.571
0,3,female,39.0,0,5,29.125,Q,woman,Unknown,False,6,1,0,Adult,4.854166666666667,High,0,1,0,1,0,3.405,0.744,-0.035
0,2,male,27.0,0,0,13.0,S,man,Unknown,True,1,0,0,Adult,13.0,Mid,0,0,0,0,1,2.639,-0.157,-0.427
1,1,female,19.0,0,0,30.0,S,woman,B,True,1,0,0,Adult,30.0,High,1,1,0,0,1,3.434,-0.758,-0.014
0,3,female,21.5,1,2,23.45,S,woman,Unknown,False,4,1,0,Adult,5.8625,High,0,1,0,0,1,3.197,-0.57,-0.173
1,1,male,26.0,0,0,30.0,C,man,C,True,1,0,0,Adult,30.0,High,1,0,1,0,0,3.434,-0.232,-0.014
0,3,male,32.0,0,0,7.75,Q,man,Unknown,True,1,0,0,Adult,7.75,Low,0,0,0,1,0,2.169,0.218,-0.554
